mutation,none,org.apache.commons.lang3.builder.JsonToStringStyleTest.[engine:junit-jupiter]/[class:org.apache.commons.lang3.builder.JsonToStringStyleTest]/[method:testBooleanArray()],org.apache.commons.lang3.builder.JsonToStringStyleTest.[engine:junit-jupiter]/[class:org.apache.commons.lang3.builder.JsonToStringStyleTest]/[method:testByteArray()],org.apache.commons.lang3.builder.JsonToStringStyleTest.[engine:junit-jupiter]/[class:org.apache.commons.lang3.builder.JsonToStringStyleTest]/[method:testCharArray()],org.apache.commons.lang3.builder.JsonToStringStyleTest.[engine:junit-jupiter]/[class:org.apache.commons.lang3.builder.JsonToStringStyleTest]/[method:testDoubleArray()],org.apache.commons.lang3.builder.JsonToStringStyleTest.[engine:junit-jupiter]/[class:org.apache.commons.lang3.builder.JsonToStringStyleTest]/[method:testFloatArray()],org.apache.commons.lang3.builder.JsonToStringStyleTest.[engine:junit-jupiter]/[class:org.apache.commons.lang3.builder.JsonToStringStyleTest]/[method:testIntArray()],org.apache.commons.lang3.builder.JsonToStringStyleTest.[engine:junit-jupiter]/[class:org.apache.commons.lang3.builder.JsonToStringStyleTest]/[method:testLongArray()],org.apache.commons.lang3.builder.JsonToStringStyleTest.[engine:junit-jupiter]/[class:org.apache.commons.lang3.builder.JsonToStringStyleTest]/[method:testPerson()],org.apache.commons.lang3.builder.JsonToStringStyleTest.[engine:junit-jupiter]/[class:org.apache.commons.lang3.builder.JsonToStringStyleTest]/[method:testObjectArray()],org.apache.commons.lang3.builder.JsonToStringStyleTest.[engine:junit-jupiter]/[class:org.apache.commons.lang3.builder.JsonToStringStyleTest]/[method:testShortArray()],org.apache.commons.lang3.builder.JsonToStringStyleTest.[engine:junit-jupiter]/[class:org.apache.commons.lang3.builder.JsonToStringStyleTest]/[method:testChar()],org.apache.commons.lang3.builder.JsonToStringStyleTest.[engine:junit-jupiter]/[class:org.apache.commons.lang3.builder.JsonToStringStyleTest]/[method:testList()],org.apache.commons.lang3.builder.JsonToStringStyleTest.[engine:junit-jupiter]/[class:org.apache.commons.lang3.builder.JsonToStringStyleTest]/[method:testMapSkipNullKey()],org.apache.commons.lang3.builder.JsonToStringStyleTest.[engine:junit-jupiter]/[class:org.apache.commons.lang3.builder.JsonToStringStyleTest]/[method:testRootMap()],org.apache.commons.lang3.builder.JsonToStringStyleTest.[engine:junit-jupiter]/[class:org.apache.commons.lang3.builder.JsonToStringStyleTest]/[method:testNestingPerson()],org.apache.commons.lang3.builder.JsonToStringStyleTest.[engine:junit-jupiter]/[class:org.apache.commons.lang3.builder.JsonToStringStyleTest]/[method:testDate()],org.apache.commons.lang3.builder.JsonToStringStyleTest.[engine:junit-jupiter]/[class:org.apache.commons.lang3.builder.JsonToStringStyleTest]/[method:testLong()],org.apache.commons.lang3.builder.JsonToStringStyleTest.[engine:junit-jupiter]/[class:org.apache.commons.lang3.builder.JsonToStringStyleTest]/[method:testArray()],org.apache.commons.lang3.builder.ToStringBuilderTest.[engine:junit-jupiter]/[class:org.apache.commons.lang3.builder.ToStringBuilderTest]/[method:testConstructorEx3()],org.apache.commons.lang3.builder.NoClassNameToStringStyleTest.[engine:junit-jupiter]/[class:org.apache.commons.lang3.builder.NoClassNameToStringStyleTest]/[method:testMap()],org.apache.commons.lang3.builder.ToStringBuilderTest.[engine:junit-jupiter]/[class:org.apache.commons.lang3.builder.ToStringBuilderTest]/[method:testObjectCycle()],org.apache.commons.lang3.builder.ToStringBuilderTest.[engine:junit-jupiter]/[class:org.apache.commons.lang3.builder.ToStringBuilderTest]/[method:testAppendAsObjectToStringNullPointerException()],org.apache.commons.lang3.builder.ToStringBuilderTest.[engine:junit-jupiter]/[class:org.apache.commons.lang3.builder.ToStringBuilderTest]/[method:testReflectionArrayArrayCycle()],org.apache.commons.lang3.builder.ToStringBuilderTest.[engine:junit-jupiter]/[class:org.apache.commons.lang3.builder.ToStringBuilderTest]/[method:testBoolean()],org.apache.commons.lang3.builder.ToStringBuilderTest.[engine:junit-jupiter]/[class:org.apache.commons.lang3.builder.ToStringBuilderTest]/[method:testAppendBooleanArrayWithFieldName()],org.apache.commons.lang3.builder.ToStringBuilderTest.[engine:junit-jupiter]/[class:org.apache.commons.lang3.builder.ToStringBuilderTest]/[method:testAppendBooleanArrayWithFieldNameAndFullDetail()],org.apache.commons.lang3.builder.ToStringBuilderTest.[engine:junit-jupiter]/[class:org.apache.commons.lang3.builder.ToStringBuilderTest]/[method:testByte()],org.apache.commons.lang3.builder.ToStringBuilderTest.[engine:junit-jupiter]/[class:org.apache.commons.lang3.builder.ToStringBuilderTest]/[method:testAppendByteArrayWithFieldName()],org.apache.commons.lang3.builder.ToStringBuilderTest.[engine:junit-jupiter]/[class:org.apache.commons.lang3.builder.ToStringBuilderTest]/[method:testByteArray()],org.apache.commons.lang3.builder.ToStringBuilderTest.[engine:junit-jupiter]/[class:org.apache.commons.lang3.builder.ToStringBuilderTest]/[method:testAppendByteArrayWithFieldNameAndFullDetail()],org.apache.commons.lang3.builder.ToStringBuilderTest.[engine:junit-jupiter]/[class:org.apache.commons.lang3.builder.ToStringBuilderTest]/[method:testChar()],org.apache.commons.lang3.builder.ToStringBuilderTest.[engine:junit-jupiter]/[class:org.apache.commons.lang3.builder.ToStringBuilderTest]/[method:testAppendCharArrayWithFieldName()],org.apache.commons.lang3.builder.ToStringBuilderTest.[engine:junit-jupiter]/[class:org.apache.commons.lang3.builder.ToStringBuilderTest]/[method:testCharArray()],org.apache.commons.lang3.builder.ToStringBuilderTest.[engine:junit-jupiter]/[class:org.apache.commons.lang3.builder.ToStringBuilderTest]/[method:testAppendCharArrayWithFieldNameAndFullDetail()],org.apache.commons.lang3.builder.ToStringBuilderTest.[engine:junit-jupiter]/[class:org.apache.commons.lang3.builder.ToStringBuilderTest]/[method:testDouble()],org.apache.commons.lang3.builder.ToStringBuilderTest.[engine:junit-jupiter]/[class:org.apache.commons.lang3.builder.ToStringBuilderTest]/[method:testAppendDoubleArrayWithFieldName()],org.apache.commons.lang3.builder.ToStringBuilderTest.[engine:junit-jupiter]/[class:org.apache.commons.lang3.builder.ToStringBuilderTest]/[method:testDoubleArray()],org.apache.commons.lang3.builder.ToStringBuilderTest.[engine:junit-jupiter]/[class:org.apache.commons.lang3.builder.ToStringBuilderTest]/[method:testAppendDoubleArrayWithFieldNameAndFullDetail()],org.apache.commons.lang3.builder.ToStringBuilderTest.[engine:junit-jupiter]/[class:org.apache.commons.lang3.builder.ToStringBuilderTest]/[method:testFloat()],org.apache.commons.lang3.builder.ToStringBuilderTest.[engine:junit-jupiter]/[class:org.apache.commons.lang3.builder.ToStringBuilderTest]/[method:testAppendFloatArrayWithFieldName()],org.apache.commons.lang3.builder.ToStringBuilderTest.[engine:junit-jupiter]/[class:org.apache.commons.lang3.builder.ToStringBuilderTest]/[method:testFloatArray()],org.apache.commons.lang3.builder.ToStringBuilderTest.[engine:junit-jupiter]/[class:org.apache.commons.lang3.builder.ToStringBuilderTest]/[method:testAppendFloatArrayWithFieldNameAndFullDetail()],org.apache.commons.lang3.builder.ToStringBuilderTest.[engine:junit-jupiter]/[class:org.apache.commons.lang3.builder.ToStringBuilderTest]/[method:testInt()],org.apache.commons.lang3.builder.ToStringBuilderTest.[engine:junit-jupiter]/[class:org.apache.commons.lang3.builder.ToStringBuilderTest]/[method:testAppendIntArrayWithFieldName()],org.apache.commons.lang3.builder.ToStringBuilderTest.[engine:junit-jupiter]/[class:org.apache.commons.lang3.builder.ToStringBuilderTest]/[method:testIntArray()],org.apache.commons.lang3.builder.ToStringBuilderTest.[engine:junit-jupiter]/[class:org.apache.commons.lang3.builder.ToStringBuilderTest]/[method:testAppendIntArrayWithFieldNameAndFullDetail()],org.apache.commons.lang3.builder.NoClassNameToStringStyleTest.[engine:junit-jupiter]/[class:org.apache.commons.lang3.builder.NoClassNameToStringStyleTest]/[method:testLong()],org.apache.commons.lang3.builder.SimpleToStringStyleTest.[engine:junit-jupiter]/[class:org.apache.commons.lang3.builder.SimpleToStringStyleTest]/[method:testLong()],org.apache.commons.lang3.builder.ToStringBuilderTest.[engine:junit-jupiter]/[class:org.apache.commons.lang3.builder.ToStringBuilderTest]/[method:testAppendLongArrayWithFieldName()],org.apache.commons.lang3.builder.NoClassNameToStringStyleTest.[engine:junit-jupiter]/[class:org.apache.commons.lang3.builder.NoClassNameToStringStyleTest]/[method:testLongArray()],org.apache.commons.lang3.builder.ToStringBuilderTest.[engine:junit-jupiter]/[class:org.apache.commons.lang3.builder.ToStringBuilderTest]/[method:testAppendLongArrayWithFieldNameAndFullDetail()],org.apache.commons.lang3.builder.SimpleToStringStyleTest.[engine:junit-jupiter]/[class:org.apache.commons.lang3.builder.SimpleToStringStyleTest]/[method:testLongArray()],org.apache.commons.lang3.builder.SimpleToStringStyleTest.[engine:junit-jupiter]/[class:org.apache.commons.lang3.builder.SimpleToStringStyleTest]/[method:testPerson()],org.apache.commons.lang3.builder.ToStringBuilderTest.[engine:junit-jupiter]/[class:org.apache.commons.lang3.builder.ToStringBuilderTest]/[method:testAppendObjectArrayWithFieldName()],org.apache.commons.lang3.builder.NoClassNameToStringStyleTest.[engine:junit-jupiter]/[class:org.apache.commons.lang3.builder.NoClassNameToStringStyleTest]/[method:testLongArrayArray()],org.apache.commons.lang3.builder.ToStringBuilderTest.[engine:junit-jupiter]/[class:org.apache.commons.lang3.builder.ToStringBuilderTest]/[method:testAppendObjectArrayWithFieldNameAndFullDetail()],org.apache.commons.lang3.builder.ToStringBuilderTest.[engine:junit-jupiter]/[class:org.apache.commons.lang3.builder.ToStringBuilderTest]/[method:testShort()],org.apache.commons.lang3.builder.ToStringBuilderTest.[engine:junit-jupiter]/[class:org.apache.commons.lang3.builder.ToStringBuilderTest]/[method:testAppendShortArrayWithFieldName()],org.apache.commons.lang3.builder.ToStringBuilderTest.[engine:junit-jupiter]/[class:org.apache.commons.lang3.builder.ToStringBuilderTest]/[method:testShortArray()],org.apache.commons.lang3.builder.ToStringBuilderTest.[engine:junit-jupiter]/[class:org.apache.commons.lang3.builder.ToStringBuilderTest]/[method:testAppendShortArrayWithFieldNameAndFullDetail()],org.apache.commons.lang3.builder.DefaultToStringStyleTest.[engine:junit-jupiter]/[class:org.apache.commons.lang3.builder.DefaultToStringStyleTest]/[method:testBlank()],org.apache.commons.lang3.ArrayUtilsTest.[engine:junit-jupiter]/[class:org.apache.commons.lang3.ArrayUtilsTest]/[method:testToString()],org.apache.commons.lang3.builder.NoClassNameToStringStyleTest.[engine:junit-jupiter]/[class:org.apache.commons.lang3.builder.NoClassNameToStringStyleTest]/[method:testBlank()],org.apache.commons.lang3.builder.NoClassNameToStringStyleTest.[engine:junit-jupiter]/[class:org.apache.commons.lang3.builder.NoClassNameToStringStyleTest]/[method:testCollection()],org.apache.commons.lang3.builder.SimpleToStringStyleTest.[engine:junit-jupiter]/[class:org.apache.commons.lang3.builder.SimpleToStringStyleTest]/[method:testCollection()],org.apache.commons.lang3.builder.SimpleToStringStyleTest.[engine:junit-jupiter]/[class:org.apache.commons.lang3.builder.SimpleToStringStyleTest]/[method:testMap()],org.apache.commons.lang3.builder.SimpleToStringStyleTest.[engine:junit-jupiter]/[class:org.apache.commons.lang3.builder.SimpleToStringStyleTest]/[method:testObjectArray()],org.apache.commons.lang3.builder.ToStringBuilderTest.[engine:junit-jupiter]/[class:org.apache.commons.lang3.builder.ToStringBuilderTest]/[method:testBooleanArray()],org.apache.commons.lang3.builder.NoClassNameToStringStyleTest.[engine:junit-jupiter]/[class:org.apache.commons.lang3.builder.NoClassNameToStringStyleTest]/[method:testArray()],org.apache.commons.lang3.builder.NoClassNameToStringStyleTest.[engine:junit-jupiter]/[class:org.apache.commons.lang3.builder.NoClassNameToStringStyleTest]/[method:testObject()],org.apache.commons.lang3.builder.ToStringBuilderTest.[engine:junit-jupiter]/[class:org.apache.commons.lang3.builder.ToStringBuilderTest]/[method:testConstructorEx1()],org.apache.commons.lang3.builder.MultiLineToStringStyleTest.[engine:junit-jupiter]/[class:org.apache.commons.lang3.builder.MultiLineToStringStyleTest]/[method:testLong()],org.apache.commons.lang3.builder.SimpleToStringStyleTest.[engine:junit-jupiter]/[class:org.apache.commons.lang3.builder.SimpleToStringStyleTest]/[method:testAppendSuper()],org.apache.commons.lang3.builder.NoClassNameToStringStyleTest.[engine:junit-jupiter]/[class:org.apache.commons.lang3.builder.NoClassNameToStringStyleTest]/[method:testAppendSuper()],org.apache.commons.lang3.builder.MultiLineToStringStyleTest.[engine:junit-jupiter]/[class:org.apache.commons.lang3.builder.MultiLineToStringStyleTest]/[method:testAppendSuper()],org.apache.commons.lang3.builder.StandardToStringStyleTest.[engine:junit-jupiter]/[class:org.apache.commons.lang3.builder.StandardToStringStyleTest]/[method:testDefaultGetter()],org.apache.commons.lang3.builder.ReflectionToStringBuilderTest.[engine:junit-jupiter]/[class:org.apache.commons.lang3.builder.ReflectionToStringBuilderTest]/[method:testConstructorWithNullObject()],org.apache.commons.lang3.builder.ShortPrefixToStringStyleTest.[engine:junit-jupiter]/[class:org.apache.commons.lang3.builder.ShortPrefixToStringStyleTest]/[method:testBlank()],org.apache.commons.lang3.builder.StandardToStringStyleTest.[engine:junit-jupiter]/[class:org.apache.commons.lang3.builder.StandardToStringStyleTest]/[method:testDefaultIsFieldSeparatorAtStart()],org.apache.commons.lang3.builder.StandardToStringStyleTest.[engine:junit-jupiter]/[class:org.apache.commons.lang3.builder.StandardToStringStyleTest]/[method:testDefaultValueOfUseFieldNames()],org.apache.commons.lang3.builder.JsonToStringStyleTest.[engine:junit-jupiter]/[class:org.apache.commons.lang3.builder.JsonToStringStyleTest]/[method:testLongArrayArray()],org.apache.commons.lang3.builder.StandardToStringStyleTest.[engine:junit-jupiter]/[class:org.apache.commons.lang3.builder.StandardToStringStyleTest]/[method:testDefaultValueOfUseShortClassName()],org.apache.commons.lang3.builder.ToStringBuilderTest.[engine:junit-jupiter]/[class:org.apache.commons.lang3.builder.ToStringBuilderTest]/[method:testReflectionArrayCycle()],org.apache.commons.lang3.builder.SimpleToStringStyleTest.[engine:junit-jupiter]/[class:org.apache.commons.lang3.builder.SimpleToStringStyleTest]/[method:testBlank()],org.apache.commons.lang3.builder.ToStringStyleTest.[engine:junit-jupiter]/[class:org.apache.commons.lang3.builder.ToStringStyleTest]/[method:testSetArrayEnd()],org.apache.commons.lang3.builder.ToStringStyleTest.[engine:junit-jupiter]/[class:org.apache.commons.lang3.builder.ToStringStyleTest]/[method:testSetArraySeparator()],org.apache.commons.lang3.builder.ToStringStyleTest.[engine:junit-jupiter]/[class:org.apache.commons.lang3.builder.ToStringStyleTest]/[method:testSetArrayStart()],org.apache.commons.lang3.builder.ToStringStyleTest.[engine:junit-jupiter]/[class:org.apache.commons.lang3.builder.ToStringStyleTest]/[method:testSetContentEnd()],org.apache.commons.lang3.builder.ToStringStyleTest.[engine:junit-jupiter]/[class:org.apache.commons.lang3.builder.ToStringStyleTest]/[method:testSetContentStart()],org.apache.commons.lang3.builder.ToStringStyleTest.[engine:junit-jupiter]/[class:org.apache.commons.lang3.builder.ToStringStyleTest]/[method:testSetFieldNameValueSeparator()],org.apache.commons.lang3.builder.ToStringStyleTest.[engine:junit-jupiter]/[class:org.apache.commons.lang3.builder.ToStringStyleTest]/[method:testSetFieldSeparator()],org.apache.commons.lang3.builder.ToStringStyleTest.[engine:junit-jupiter]/[class:org.apache.commons.lang3.builder.ToStringStyleTest]/[method:testSetNullText()],org.apache.commons.lang3.builder.ToStringStyleTest.[engine:junit-jupiter]/[class:org.apache.commons.lang3.builder.ToStringStyleTest]/[method:testSetSizeEndText()],org.apache.commons.lang3.builder.ToStringStyleTest.[engine:junit-jupiter]/[class:org.apache.commons.lang3.builder.ToStringStyleTest]/[method:testSetSizeStartText()],org.apache.commons.lang3.builder.ToStringStyleTest.[engine:junit-jupiter]/[class:org.apache.commons.lang3.builder.ToStringStyleTest]/[method:testSetSummaryObjectEndText()],org.apache.commons.lang3.builder.ToStringStyleTest.[engine:junit-jupiter]/[class:org.apache.commons.lang3.builder.ToStringStyleTest]/[method:testSetSummaryObjectStartText()]
100|replaced return value with null for org/apache/commons/lang3/builder/ToStringStyle$DefaultToStringStyle::readResolve,NO_COVERAGE,,,,,,,,,,,,,,,,,,,,,,,,,,,,,,,,,,,,,,,,,,,,,,,,,,,,,,,,,,,,,,,,,,,,,,,,,,,,,,,,,,,,,,,,,,,,,,,,
130|removed call to org/apache/commons/lang3/builder/ToStringStyle$JsonToStringStyle::setUseClassName,,,,,,,,,,,,,,,,,,,,,,,,,,,,,,,,,,,,,,,,,,,,,,,,,,,,,,,,,,,,,,,,,,,,,,,,,,,,,,,,,,,,,,,,,,,,,,,,,
131|removed call to org/apache/commons/lang3/builder/ToStringStyle$JsonToStringStyle::setUseIdentityHashCode,,,,,,,,,,,,,,,,,,,,,,,,,,,,,,,,,,,,,,,,,,,,,,,,,,,,,,,,,,,,,,,,,,,,,,,,,,,,,,,,,,,,,,,,,,,,,,,,,
133|removed call to org/apache/commons/lang3/builder/ToStringStyle$JsonToStringStyle::setContentStart,,,,,,,,,,,,,,,,,,,,,,,,,,,,,,,,,,,,,,,,,,,,,,,,,,,,,,,,,,,,,,,,,,,,,,,,,,,,,,,,,,,,,,,,,,,,,,,,,
134|removed call to org/apache/commons/lang3/builder/ToStringStyle$JsonToStringStyle::setContentEnd,,,,,,,,,,,,,,,,,,,,,,,,,,,,,,,,,,,,,,,,,,,,,,,,,,,,,,,,,,,,,,,,,,,,,,,,,,,,,,,,,,,,,,,,,,,,,,,,,
136|removed call to org/apache/commons/lang3/builder/ToStringStyle$JsonToStringStyle::setArrayStart,,,,,,,,,,,,,,,,,,,,,,,,,,,,,,,,,,,,,,,,,,,,,,,,,,,,,,,,,,,,,,,,,,,,,,,,,,,,,,,,,,,,,,,,,,,,,,,,,
137|removed call to org/apache/commons/lang3/builder/ToStringStyle$JsonToStringStyle::setArrayEnd,,,,,,,,,,,,,,,,,,,,,,,,,,,,,,,,,,,,,,,,,,,,,,,,,,,,,,,,,,,,,,,,,,,,,,,,,,,,,,,,,,,,,,,,,,,,,,,,,
139|removed call to org/apache/commons/lang3/builder/ToStringStyle$JsonToStringStyle::setFieldSeparator,,,,,,,,,,,,,,,,,,,,,,,,,,,,,,,,,,,,,,,,,,,,,,,,,,,,,,,,,,,,,,,,,,,,,,,,,,,,,,,,,,,,,,,,,,,,,,,,,
140|removed call to org/apache/commons/lang3/builder/ToStringStyle$JsonToStringStyle::setFieldNameValueSeparator,,,,,,,,,,,,,,,,,,,,,,,,,,,,,,,,,,,,,,,,,,,,,,,,,,,,,,,,,,,,,,,,,,,,,,,,,,,,,,,,,,,,,,,,,,,,,,,,,
142|removed call to org/apache/commons/lang3/builder/ToStringStyle$JsonToStringStyle::setNullText,,,,,,,,,,,,,,,,,,,,,,,,,,,,,,,,,,,,,,,,,,,,,,,,,,,,,,,,,,,,,,,,,,,,,,,,,,,,,,,,,,,,,,,,,,,,,,,,,
144|removed call to org/apache/commons/lang3/builder/ToStringStyle$JsonToStringStyle::setSummaryObjectStartText,,,,,,,,,,,,,,,,,,,,,,,,,,,,,,,,,,,,,,,,,,,,,,,,,,,,,,,,,,,,,,,,,,,,,,,,,,,,,,,,,,,,,,,,,,,,,,,,,
145|removed call to org/apache/commons/lang3/builder/ToStringStyle$JsonToStringStyle::setSummaryObjectEndText,,,,,,,,,,,,,,,,,,,,,,,,,,,,,,,,,,,,,,,,,,,,,,,,,,,,,,,,,,,,,,,,,,,,,,,,,,,,,,,,,,,,,,,,,,,,,,,,,
147|removed call to org/apache/commons/lang3/builder/ToStringStyle$JsonToStringStyle::setSizeStartText,,,,,,,,,,,,,,,,,,,,,,,,,,,,,,,,,,,,,,,,,,,,,,,,,,,,,,,,,,,,,,,,,,,,,,,,,,,,,,,,,,,,,,,,,,,,,,,,,
148|removed call to org/apache/commons/lang3/builder/ToStringStyle$JsonToStringStyle::setSizeEndText,,,,,,,,,,,,,,,,,,,,,,,,,,,,,,,,,,,,,,,,,,,,,,,,,,,,,,,,,,,,,,,,,,,,,,,,,,,,,,,,,,,,,,,,,,,,,,,,,
155|negated conditional,,KILLED,,,,,,,,,,,,,,,,,,,,,,,,,,,,,,,,,,,,,,,,,,,,,,,,,,,,,,,,,,,,,,,,,,,,,,,,,,,,,,,,,,,,,,,,,,,,,,,
159|negated conditional,,KILLED,,,,,,,,,,,,,,,,,,,,,,,,,,,,,,,,,,,,,,,,,,,,,,,,,,,,,,,,,,,,,,,,,,,,,,,,,,,,,,,,,,,,,,,,,,,,,,,
164|removed call to org/apache/commons/lang3/builder/ToStringStyle::append,,KILLED,,,,,,,,,,,,,,,,,,,,,,,,,,,,,,,,,,,,,,,,,,,,,,,,,,,,,,,,,,,,,,,,,,,,,,,,,,,,,,,,,,,,,,,,,,,,,,,
171|negated conditional,,,KILLED,,,,,,,,,,,,,,,,,,,,,,,,,,,,,,,,,,,,,,,,,,,,,,,,,,,,,,,,,,,,,,,,,,,,,,,,,,,,,,,,,,,,,,,,,,,,,,
175|negated conditional,,,KILLED,,,,,,,,,,,,,,,,,,,,,,,,,,,,,,,,,,,,,,,,,,,,,,,,,,,,,,,,,,,,,,,,,,,,,,,,,,,,,,,,,,,,,,,,,,,,,,
180|removed call to org/apache/commons/lang3/builder/ToStringStyle::append,,,KILLED,,,,,,,,,,,,,,,,,,,,,,,,,,,,,,,,,,,,,,,,,,,,,,,,,,,,,,,,,,,,,,,,,,,,,,,,,,,,,,,,,,,,,,,,,,,,,,
187|negated conditional,,,,KILLED,,,,,,,,,,,,,,,,,,,,,,,,,,,,,,,,,,,,,,,,,,,,,,,,,,,,,,,,,,,,,,,,,,,,,,,,,,,,,,,,,,,,,,,,,,,,,
191|negated conditional,,,,KILLED,,,,,,,,,,,,,,,,,,,,,,,,,,,,,,,,,,,,,,,,,,,,,,,,,,,,,,,,,,,,,,,,,,,,,,,,,,,,,,,,,,,,,,,,,,,,,
196|removed call to org/apache/commons/lang3/builder/ToStringStyle::append,,,,KILLED,,,,,,,,,,,,,,,,,,,,,,,,,,,,,,,,,,,,,,,,,,,,,,,,,,,,,,,,,,,,,,,,,,,,,,,,,,,,,,,,,,,,,,,,,,,,,
203|negated conditional,,,,,KILLED,,,,,,,,,,,,,,,,,,,,,,,,,,,,,,,,,,,,,,,,,,,,,,,,,,,,,,,,,,,,,,,,,,,,,,,,,,,,,,,,,,,,,,,,,,,,
207|negated conditional,,,,,KILLED,,,,,,,,,,,,,,,,,,,,,,,,,,,,,,,,,,,,,,,,,,,,,,,,,,,,,,,,,,,,,,,,,,,,,,,,,,,,,,,,,,,,,,,,,,,,
212|removed call to org/apache/commons/lang3/builder/ToStringStyle::append,,,,,KILLED,,,,,,,,,,,,,,,,,,,,,,,,,,,,,,,,,,,,,,,,,,,,,,,,,,,,,,,,,,,,,,,,,,,,,,,,,,,,,,,,,,,,,,,,,,,,
219|negated conditional,,,,,,KILLED,,,,,,,,,,,,,,,,,,,,,,,,,,,,,,,,,,,,,,,,,,,,,,,,,,,,,,,,,,,,,,,,,,,,,,,,,,,,,,,,,,,,,,,,,,,
223|negated conditional,,,,,,KILLED,,,,,,,,,,,,,,,,,,,,,,,,,,,,,,,,,,,,,,,,,,,,,,,,,,,,,,,,,,,,,,,,,,,,,,,,,,,,,,,,,,,,,,,,,,,
228|removed call to org/apache/commons/lang3/builder/ToStringStyle::append,,,,,,KILLED,,,,,,,,,,,,,,,,,,,,,,,,,,,,,,,,,,,,,,,,,,,,,,,,,,,,,,,,,,,,,,,,,,,,,,,,,,,,,,,,,,,,,,,,,,,
235|negated conditional,,,,,,,KILLED,,,,,,,,,,,,,,,,,,,,,,,,,,,,,,,,,,,,,,,,,,,,,,,,,,,,,,,,,,,,,,,,,,,,,,,,,,,,,,,,,,,,,,,,,,
239|negated conditional,,,,,,,KILLED,,,,,,,,,,,,,,,,,,,,,,,,,,,,,,,,,,,,,,,,,,,,,,,,,,,,,,,,,,,,,,,,,,,,,,,,,,,,,,,,,,,,,,,,,,
244|removed call to org/apache/commons/lang3/builder/ToStringStyle::append,,,,,,,KILLED,,,,,,,,,,,,,,,,,,,,,,,,,,,,,,,,,,,,,,,,,,,,,,,,,,,,,,,,,,,,,,,,,,,,,,,,,,,,,,,,,,,,,,,,,,
251|negated conditional,,,,,,,,KILLED,,,,,,,,,,,,,,,,,,,,,,,,,,,,,,,,,,,,,,,,,,,,,,,,,,,,,,,,,,,,,,,,,,,,,,,,,,,,,,,,,,,,,,,,,
255|negated conditional,,,,,,,,KILLED,,,,,,,,,,,,,,,,,,,,,,,,,,,,,,,,,,,,,,,,,,,,,,,,,,,,,,,,,,,,,,,,,,,,,,,,,,,,,,,,,,,,,,,,,
260|removed call to org/apache/commons/lang3/builder/ToStringStyle::append,,,,,,,,KILLED,,,,,,,,,,,,,,,,,,,,,,,,,,,,,,,,,,,,,,,,,,,,,,,,,,,,,,,,,,,,,,,,,,,,,,,,,,,,,,,,,,,,,,,,,
267|negated conditional,,,,,,,,,KILLED,,,,,,,,,,,,,,,,,,,,,,,,,,,,,,,,,,,,,,,,,,,,,,,,,,,,,,,,,,,,,,,,,,,,,,,,,,,,,,,,,,,,,,,,
271|negated conditional,,,,,,,,,KILLED,,,,,,,,,,,,,,,,,,,,,,,,,,,,,,,,,,,,,,,,,,,,,,,,,,,,,,,,,,,,,,,,,,,,,,,,,,,,,,,,,,,,,,,,
276|removed call to org/apache/commons/lang3/builder/ToStringStyle::append,,,,,,,,,KILLED,,,,,,,,,,,,,,,,,,,,,,,,,,,,,,,,,,,,,,,,,,,,,,,,,,,,,,,,,,,,,,,,,,,,,,,,,,,,,,,,,,,,,,,,
283|negated conditional,,,,,,,,,,KILLED,,,,,,,,,,,,,,,,,,,,,,,,,,,,,,,,,,,,,,,,,,,,,,,,,,,,,,,,,,,,,,,,,,,,,,,,,,,,,,,,,,,,,,,
287|negated conditional,,,,,,,,,,KILLED,,,,,,,,,,,,,,,,,,,,,,,,,,,,,,,,,,,,,,,,,,,,,,,,,,,,,,,,,,,,,,,,,,,,,,,,,,,,,,,,,,,,,,,
292|removed call to org/apache/commons/lang3/builder/ToStringStyle::append,,,,,,,,,,KILLED,,,,,,,,,,,,,,,,,,,,,,,,,,,,,,,,,,,,,,,,,,,,,,,,,,,,,,,,,,,,,,,,,,,,,,,,,,,,,,,,,,,,,,,
299|negated conditional,,,,,,,,,,,KILLED,,,,,,,,,,,,,,,,,,,,,,,,,,,,,,,,,,,,,,,,,,,,,,,,,,,,,,,,,,,,,,,,,,,,,,,,,,,,,,,,,,,,,,
303|negated conditional,,,,,,,,,,,KILLED,,,,,,,,,,,,,,,,,,,,,,,,,,,,,,,,,,,,,,,,,,,,,,,,,,,,,,,,,,,,,,,,,,,,,,,,,,,,,,,,,,,,,,
308|removed call to org/apache/commons/lang3/builder/ToStringStyle::append,,,,,,,,,,,KILLED,,,,,,,,,,,,,,,,,,,,,,,,,,,,,,,,,,,,,,,,,,,,,,,,,,,,,,,,,,,,,,,,,,,,,,,,,,,,,,,,,,,,,,
313|removed call to org/apache/commons/lang3/builder/ToStringStyle$JsonToStringStyle::appendValueAsString,,,,,,,,,,,,KILLED,,,,,,,,,,,,,,,,,,,,,,,,,,,,,,,,,,,,,,,,,,,,,,,,,,,,,,,,,,,,,,,,,,,,,,,,,,,,,,,,,,,,,
318|negated conditional,,,,,,,,,,,,,KILLED,,,,,,,,,,,,,,,,,,,,,,,,,,,,,,,,,,,,,,,,,,,,,,,,,,,,,,,,,,,,,,,,,,,,,,,,,,,,,,,,,,,,
322|removed call to org/apache/commons/lang3/builder/ToStringStyle$JsonToStringStyle::appendDetail,,,,,,,,,,,,,KILLED,,,,,,,,,,,,,,,,,,,,,,,,,,,,,,,,,,,,,,,,,,,,,,,,,,,,,,,,,,,,,,,,,,,,,,,,,,,,,,,,,,,,
333|negated conditional,,,,,,,,,,,,,,KILLED,,,,,,,,,,,,,,,,,,,,,,,,,,,,,,,,,,,,,,,,,,,,,,,,,,,,,,,,,,,,,,,,,,,,,,,,,,,,,,,,,,,
339|negated conditional,,,,,,,,,,,,,,KILLED,,,,,,,,,,,,,,,,,,,,,,,,,,,,,,,,,,,,,,,,,,,,,,,,,,,,,,,,,,,,,,,,,,,,,,,,,,,,,,,,,,,
340|negated conditional,,,,,,,,,,,,,,KILLED,,,,,,,,,,,,,,,,,,,,,,,,,,,,,,,,,,,,,,,,,,,,,,,,,,,,,,,,,,,,,,,,,,,,,,,,,,,,,,,,,,,
343|removed call to org/apache/commons/lang3/builder/ToStringStyle$JsonToStringStyle::appendFieldEnd,,,,,,,,,,,,,,,KILLED,,,,,,,,,,,,,,,,,,,,,,,,,,,,,,,,,,,,,,,,,,,,,,,,,,,,,,,,,,,,,,,,,,,,,,,,,,,,,,,,,,
345|removed call to org/apache/commons/lang3/builder/ToStringStyle$JsonToStringStyle::appendFieldStart,,,,,,,,,,,,,,KILLED,,,,,,,,,,,,,,,,,,,,,,,,,,,,,,,,,,,,,,,,,,,,,,,,,,,,,,,,,,,,,,,,,,,,,,,,,,,,,,,,,,,
347|negated conditional,,,,,,,,,,,,,,KILLED,,,,,,,,,,,,,,,,,,,,,,,,,,,,,,,,,,,,,,,,,,,,,,,,,,,,,,,,,,,,,,,,,,,,,,,,,,,,,,,,,,,
348|removed call to org/apache/commons/lang3/builder/ToStringStyle$JsonToStringStyle::appendNullText,NO_COVERAGE,,,,,,,,,,,,,,,,,,,,,,,,,,,,,,,,,,,,,,,,,,,,,,,,,,,,,,,,,,,,,,,,,,,,,,,,,,,,,,,,,,,,,,,,,,,,,,,,
350|removed call to org/apache/commons/lang3/builder/ToStringStyle$JsonToStringStyle::appendInternal,,,,,,,,,,,,,,KILLED,,,,,,,,,,,,,,,,,,,,,,,,,,,,,,,,,,,,,,,,,,,,,,,,,,,,,,,,,,,,,,,,,,,,,,,,,,,,,,,,,,,
365|negated conditional,,,,,,,,,KILLED,,,,,,,,,,,,,,,,,,,,,,,,,,,,,,,,,,,,,,,,,,,,,,,,,,,,,,,,,,,,,,,,,,,,,,,,,,,,,,,,,,,,,,,,
366|removed call to org/apache/commons/lang3/builder/ToStringStyle$JsonToStringStyle::appendNullText,NO_COVERAGE,,,,,,,,,,,,,,,,,,,,,,,,,,,,,,,,,,,,,,,,,,,,,,,,,,,,,,,,,,,,,,,,,,,,,,,,,,,,,,,,,,,,,,,,,,,,,,,,
370|negated conditional,,,,,,,,,,,,,,,KILLED,,,,,,,,,,,,,,,,,,,,,,,,,,,,,,,,,,,,,,,,,,,,,,,,,,,,,,,,,,,,,,,,,,,,,,,,,,,,,,,,,,
371|removed call to org/apache/commons/lang3/builder/ToStringStyle$JsonToStringStyle::appendValueAsString,,,,,,,,,KILLED,,,,,,,,,,,,,,,,,,,,,,,,,,,,,,,,,,,,,,,,,,,,,,,,,,,,,,,,,,,,,,,,,,,,,,,,,,,,,,,,,,,,,,,,
375|negated conditional,,,,,,,,,,,,,,,KILLED,,,,,,,,,,,,,,,,,,,,,,,,,,,,,,,,,,,,,,,,,,,,,,,,,,,,,,,,,,,,,,,,,,,,,,,,,,,,,,,,,,
381|negated conditional,,,,,,,,,,,,,,,,KILLED,,,,,,,,,,,,,,,,,,,,,,,,,,,,,,,,,,,,,,,,,,,,,,,,,,,,,,,,,,,,,,,,,,,,,,,,,,,,,,,,,
386|removed call to org/apache/commons/lang3/builder/ToStringStyle$JsonToStringStyle::appendDetail,,,,,,,,,,,,,,,,,KILLED,,,,,,,,,,,,,,,,,,,,,,,,,,,,,,,,,,,,,,,,,,,,,,,,,,,,,,,,,,,,,,,,,,,,,,,,,,,,,,,,
392|negated conditional,,,,,,,,,,,,,,,,,,KILLED,,,,,,,,,,,,,,,,,,,,,,,,,,,,,,,,,,,,,,,,,,,,,,,,,,,,,,,,,,,,,,,,,,,,,,,,,,,,,,,
397|removed call to org/apache/commons/lang3/builder/ToStringStyle::appendFieldStart,,,,,,,,,,,,,,,,,,KILLED,,,,,,,,,,,,,,,,,,,,,,,,,,,,,,,,,,,,,,,,,,,,,,,,,,,,,,,,,,,,,,,,,,,,,,,,,,,,,,,
412|negated conditional,,,,,,,,,,,,,,,,,,,KILLED,,,,,,,,,,,,,,,,,,,,,,,,,,,,,,,,,,,,,,,,,,,,,,,,,,,,,,,,,,,,,,,,,,,,,,,,,,,,,,
413|negated conditional,,,,,,,,,,,,,,,,,,,KILLED,,,,,,,,,,,,,,,,,,,,,,,,,,,,,,,,,,,,,,,,,,,,,,,,,,,,,,,,,,,,,,,,,,,,,,,,,,,,,,
417|replaced boolean return with true for org/apache/commons/lang3/builder/ToStringStyle$JsonToStringStyle::isJsonObject,,,,,,,,,,,,,,,,,KILLED,,,,,,,,,,,,,,,,,,,,,,,,,,,,,,,,,,,,,,,,,,,,,,,,,,,,,,,,,,,,,,,,,,,,,,,,,,,,,,,,
418|negated conditional,,,,,,,,,,,,,,,,KILLED,,,,,,,,,,,,,,,,,,,,,,,,,,,,,,,,,,,,,,,,,,,,,,,,,,,,,,,,,,,,,,,,,,,,,,,,,,,,,,,,,
427|replaced return value with null for org/apache/commons/lang3/builder/ToStringStyle$JsonToStringStyle::readResolve,NO_COVERAGE,,,,,,,,,,,,,,,,,,,,,,,,,,,,,,,,,,,,,,,,,,,,,,,,,,,,,,,,,,,,,,,,,,,,,,,,,,,,,,,,,,,,,,,,,,,,,,,,
448|removed call to org/apache/commons/lang3/builder/ToStringStyle$MultiLineToStringStyle::setContentStart,,,,,,,,,,,,,,,,,,,,,,,,,,,,,,,,,,,,,,,,,,,,,,,,,,,,,,,,,,,,,,,,,,,,,,,,,,,,,,,,,,,,,,,,,,,,,,,,,
449|removed call to org/apache/commons/lang3/builder/ToStringStyle$MultiLineToStringStyle::setFieldSeparator,,,,,,,,,,,,,,,,,,,,,,,,,,,,,,,,,,,,,,,,,,,,,,,,,,,,,,,,,,,,,,,,,,,,,,,,,,,,,,,,,,,,,,,,,,,,,,,,,
450|removed call to org/apache/commons/lang3/builder/ToStringStyle$MultiLineToStringStyle::setFieldSeparatorAtStart,,,,,,,,,,,,,,,,,,,,,,,,,,,,,,,,,,,,,,,,,,,,,,,,,,,,,,,,,,,,,,,,,,,,,,,,,,,,,,,,,,,,,,,,,,,,,,,,,
451|removed call to org/apache/commons/lang3/builder/ToStringStyle$MultiLineToStringStyle::setContentEnd,,,,,,,,,,,,,,,,,,,,,,,,,,,,,,,,,,,,,,,,,,,,,,,,,,,,,,,,,,,,,,,,,,,,,,,,,,,,,,,,,,,,,,,,,,,,,,,,,
460|replaced return value with null for org/apache/commons/lang3/builder/ToStringStyle$MultiLineToStringStyle::readResolve,NO_COVERAGE,,,,,,,,,,,,,,,,,,,,,,,,,,,,,,,,,,,,,,,,,,,,,,,,,,,,,,,,,,,,,,,,,,,,,,,,,,,,,,,,,,,,,,,,,,,,,,,,
482|removed call to org/apache/commons/lang3/builder/ToStringStyle$NoClassNameToStringStyle::setUseClassName,,,,,,,,,,,,,,,,,,,,,,,,,,,,,,,,,,,,,,,,,,,,,,,,,,,,,,,,,,,,,,,,,,,,,,,,,,,,,,,,,,,,,,,,,,,,,,,,,
483|removed call to org/apache/commons/lang3/builder/ToStringStyle$NoClassNameToStringStyle::setUseIdentityHashCode,,,,,,,,,,,,,,,,,,,,,,,,,,,,,,,,,,,,,,,,,,,,,,,,,,,,,,,,,,,,,,,,,,,,,,,,,,,,,,,,,,,,,,,,,,,,,,,,,
492|replaced return value with null for org/apache/commons/lang3/builder/ToStringStyle$NoClassNameToStringStyle::readResolve,NO_COVERAGE,,,,,,,,,,,,,,,,,,,,,,,,,,,,,,,,,,,,,,,,,,,,,,,,,,,,,,,,,,,,,,,,,,,,,,,,,,,,,,,,,,,,,,,,,,,,,,,,
514|removed call to org/apache/commons/lang3/builder/ToStringStyle$NoFieldNameToStringStyle::setUseFieldNames,,,,,,,,,,,,,,,,,,,,,,,,,,,,,,,,,,,,,,,,,,,,,,,,,,,,,,,,,,,,,,,,,,,,,,,,,,,,,,,,,,,,,,,,,,,,,,,,,
523|replaced return value with null for org/apache/commons/lang3/builder/ToStringStyle$NoFieldNameToStringStyle::readResolve,NO_COVERAGE,,,,,,,,,,,,,,,,,,,,,,,,,,,,,,,,,,,,,,,,,,,,,,,,,,,,,,,,,,,,,,,,,,,,,,,,,,,,,,,,,,,,,,,,,,,,,,,,
545|removed call to org/apache/commons/lang3/builder/ToStringStyle$ShortPrefixToStringStyle::setUseShortClassName,,,,,,,,,,,,,,,,,,,,,,,,,,,,,,,,,,,,,,,,,,,,,,,,,,,,,,,,,,,,,,,,,,,,,,,,,,,,,,,,,,,,,,,,,,,,,,,,,
546|removed call to org/apache/commons/lang3/builder/ToStringStyle$ShortPrefixToStringStyle::setUseIdentityHashCode,,,,,,,,,,,,,,,,,,,,,,,,,,,,,,,,,,,,,,,,,,,,,,,,,,,,,,,,,,,,,,,,,,,,,,,,,,,,,,,,,,,,,,,,,,,,,,,,,
554|replaced return value with null for org/apache/commons/lang3/builder/ToStringStyle$ShortPrefixToStringStyle::readResolve,NO_COVERAGE,,,,,,,,,,,,,,,,,,,,,,,,,,,,,,,,,,,,,,,,,,,,,,,,,,,,,,,,,,,,,,,,,,,,,,,,,,,,,,,,,,,,,,,,,,,,,,,,
576|removed call to org/apache/commons/lang3/builder/ToStringStyle$SimpleToStringStyle::setUseClassName,,,,,,,,,,,,,,,,,,,,,,,,,,,,,,,,,,,,,,,,,,,,,,,,,,,,,,,,,,,,,,,,,,,,,,,,,,,,,,,,,,,,,,,,,,,,,,,,,
577|removed call to org/apache/commons/lang3/builder/ToStringStyle$SimpleToStringStyle::setUseIdentityHashCode,,,,,,,,,,,,,,,,,,,,,,,,,,,,,,,,,,,,,,,,,,,,,,,,,,,,,,,,,,,,,,,,,,,,,,,,,,,,,,,,,,,,,,,,,,,,,,,,,
578|removed call to org/apache/commons/lang3/builder/ToStringStyle$SimpleToStringStyle::setUseFieldNames,,,,,,,,,,,,,,,,,,,,,,,,,,,,,,,,,,,,,,,,,,,,,,,,,,,,,,,,,,,,,,,,,,,,,,,,,,,,,,,,,,,,,,,,,,,,,,,,,
579|removed call to org/apache/commons/lang3/builder/ToStringStyle$SimpleToStringStyle::setContentStart,,,,,,,,,,,,,,,,,,,,,,,,,,,,,,,,,,,,,,,,,,,,,,,,,,,,,,,,,,,,,,,,,,,,,,,,,,,,,,,,,,,,,,,,,,,,,,,,,
580|removed call to org/apache/commons/lang3/builder/ToStringStyle$SimpleToStringStyle::setContentEnd,,,,,,,,,,,,,,,,,,,,,,,,,,,,,,,,,,,,,,,,,,,,,,,,,,,,,,,,,,,,,,,,,,,,,,,,,,,,,,,,,,,,,,,,,,,,,,,,,
588|replaced return value with null for org/apache/commons/lang3/builder/ToStringStyle$SimpleToStringStyle::readResolve,NO_COVERAGE,,,,,,,,,,,,,,,,,,,,,,,,,,,,,,,,,,,,,,,,,,,,,,,,,,,,,,,,,,,,,,,,,,,,,,,,,,,,,,,,,,,,,,,,,,,,,,,,
708|replaced return value with Collections.emptyMap for org/apache/commons/lang3/builder/ToStringStyle::getRegistry,,,,,,,,,,,,,,,,,,,,KILLED,,,,,,,,,,,,,,,,,,,,,,,,,,,,,,,,,,,,,,,,,,,,,,,,,,,,,,,,,,,,,,,,,,,,,,,,,,,,,
721|replaced boolean return with true for org/apache/commons/lang3/builder/ToStringStyle::isRegistered,,,,,,,,,,,,,,,,,,,,,KILLED,,,,,,,,,,,,,,,,,,,,,,,,,,,,,,,,,,,,,,,,,,,,,,,,,,,,,,,,,,,,,,,,,,,,,,,,,,,,
732|negated conditional,,,,,,,,,,,,,,,,,,,,,,KILLED,,,,,,,,,,,,,,,,,,,,,,,,,,,,,,,,,,,,,,,,,,,,,,,,,,,,,,,,,,,,,,,,,,,,,,,,,,,
748|negated conditional,,,,,,,,,,,,,,,,,,,,,,,KILLED,,,,,,,,,,,,,,,,,,,,,,,,,,,,,,,,,,,,,,,,,,,,,,,,,,,,,,,,,,,,,,,,,,,,,,,,,,
751|negated conditional,,,,,,,,,,,,,,,,,,,,,,,,KILLED,,,,,,,,,,,,,,,,,,,,,,,,,,,,,,,,,,,,,,,,,,,,,,,,,,,,,,,,,,,,,,,,,,,,,,,,,
752|removed call to java/lang/ThreadLocal::remove,,,,,,,,,,,,,,,,,,,,,,,,,,,,,,,,,,,,,,,,,,,,,,,,,,,,,,,,,,,,,,,,,,,,,,,,,,,,,,,,,,,,,,,,,,,,,,,,,
873|removed call to org/apache/commons/lang3/builder/ToStringStyle::appendFieldStart,,,,,,,,,,,,,,,,,,,,,,,,,KILLED,,,,,,,,,,,,,,,,,,,,,,,,,,,,,,,,,,,,,,,,,,,,,,,,,,,,,,,,,,,,,,,,,,,,,,,,
874|removed call to org/apache/commons/lang3/builder/ToStringStyle::appendDetail,,,,,,,,,,,,,,,,,,,,,,,,,KILLED,,,,,,,,,,,,,,,,,,,,,,,,,,,,,,,,,,,,,,,,,,,,,,,,,,,,,,,,,,,,,,,,,,,,,,,,
875|removed call to org/apache/commons/lang3/builder/ToStringStyle::appendFieldEnd,,,,,,,,,,,,,,,,,,,,,,,,,KILLED,,,,,,,,,,,,,,,,,,,,,,,,,,,,,,,,,,,,,,,,,,,,,,,,,,,,,,,,,,,,,,,,,,,,,,,,
889|removed call to org/apache/commons/lang3/builder/ToStringStyle::appendFieldStart,,,,,,,,,,,,,,,,,,,,,,,,,,KILLED,,,,,,,,,,,,,,,,,,,,,,,,,,,,,,,,,,,,,,,,,,,,,,,,,,,,,,,,,,,,,,,,,,,,,,,
891|negated conditional,,,,,,,,,,,,,,,,,,,,,,,,,,KILLED,,,,,,,,,,,,,,,,,,,,,,,,,,,,,,,,,,,,,,,,,,,,,,,,,,,,,,,,,,,,,,,,,,,,,,,
892|removed call to org/apache/commons/lang3/builder/ToStringStyle::appendNullText,,,,,,,,,,,,,,,,,,,,,,,,,,KILLED,,,,,,,,,,,,,,,,,,,,,,,,,,,,,,,,,,,,,,,,,,,,,,,,,,,,,,,,,,,,,,,,,,,,,,,
894|negated conditional,,,,,,,,,,,,,,,,,,,,,,,,,,KILLED,,,,,,,,,,,,,,,,,,,,,,,,,,,,,,,,,,,,,,,,,,,,,,,,,,,,,,,,,,,,,,,,,,,,,,,
895|removed call to org/apache/commons/lang3/builder/ToStringStyle::appendDetail,,,,,,,,,,,,,,,,,,,,,,,,,,KILLED,,,,,,,,,,,,,,,,,,,,,,,,,,,,,,,,,,,,,,,,,,,,,,,,,,,,,,,,,,,,,,,,,,,,,,,
898|removed call to org/apache/commons/lang3/builder/ToStringStyle::appendSummary,,,,,,,,,,,,,,,,,,,,,,,,,,,KILLED,,,,,,,,,,,,,,,,,,,,,,,,,,,,,,,,,,,,,,,,,,,,,,,,,,,,,,,,,,,,,,,,,,,,,,
901|removed call to org/apache/commons/lang3/builder/ToStringStyle::appendFieldEnd,,,,,,,,,,,,,,,,,,,,,,,,,,,,,,,,,,,,,,,,,,,,,,,,,,,,,,,,,,,,,,,,,,,,,,,,,,,,,,,,,,,,,,,,,,,,,,,,,
913|removed call to org/apache/commons/lang3/builder/ToStringStyle::appendFieldStart,,,,,,,,,,,,,,,,,,,,,,,,,,,,KILLED,,,,,,,,,,,,,,,,,,,,,,,,,,,,,,,,,,,,,,,,,,,,,,,,,,,,,,,,,,,,,,,,,,,,,
914|removed call to org/apache/commons/lang3/builder/ToStringStyle::appendDetail,,,,,,,,,,,,,,,,,,,,,,,,,,,,KILLED,,,,,,,,,,,,,,,,,,,,,,,,,,,,,,,,,,,,,,,,,,,,,,,,,,,,,,,,,,,,,,,,,,,,,
915|removed call to org/apache/commons/lang3/builder/ToStringStyle::appendFieldEnd,,,,,,,,,,,,,,,,,,,,,,,,,,,,KILLED,,,,,,,,,,,,,,,,,,,,,,,,,,,,,,,,,,,,,,,,,,,,,,,,,,,,,,,,,,,,,,,,,,,,,
929|removed call to org/apache/commons/lang3/builder/ToStringStyle::appendFieldStart,,,,,,,,,,,,,,,,,,,,,,,,,,,,,KILLED,,,,,,,,,,,,,,,,,,,,,,,,,,,,,,,,,,,,,,,,,,,,,,,,,,,,,,,,,,,,,,,,,,,,
931|negated conditional,,,,,,,,,,,,,,,,,,,,,,,,,,,,,KILLED,,,,,,,,,,,,,,,,,,,,,,,,,,,,,,,,,,,,,,,,,,,,,,,,,,,,,,,,,,,,,,,,,,,,
932|removed call to org/apache/commons/lang3/builder/ToStringStyle::appendNullText,,,,,,,,,,,,,,,,,,,,,,,,,,,,,,KILLED,,,,,,,,,,,,,,,,,,,,,,,,,,,,,,,,,,,,,,,,,,,,,,,,,,,,,,,,,,,,,,,,,,,
934|negated conditional,,,,,,,,,,,,,,,,,,,,,,,,,,,,,KILLED,,,,,,,,,,,,,,,,,,,,,,,,,,,,,,,,,,,,,,,,,,,,,,,,,,,,,,,,,,,,,,,,,,,,
935|removed call to org/apache/commons/lang3/builder/ToStringStyle::appendDetail,,,,,,,,,,,,,,,,,,,,,,,,,,,,,KILLED,,,,,,,,,,,,,,,,,,,,,,,,,,,,,,,,,,,,,,,,,,,,,,,,,,,,,,,,,,,,,,,,,,,,
938|removed call to org/apache/commons/lang3/builder/ToStringStyle::appendSummary,,,,,,,,,,,,,,,,,,,,,,,,,,,,,,,KILLED,,,,,,,,,,,,,,,,,,,,,,,,,,,,,,,,,,,,,,,,,,,,,,,,,,,,,,,,,,,,,,,,,,
941|removed call to org/apache/commons/lang3/builder/ToStringStyle::appendFieldEnd,,,,,,,,,,,,,,,,,,,,,,,,,,,,,,,,,,,,,,,,,,,,,,,,,,,,,,,,,,,,,,,,,,,,,,,,,,,,,,,,,,,,,,,,,,,,,,,,,
953|removed call to org/apache/commons/lang3/builder/ToStringStyle::appendFieldStart,,,,,,,,,,,,,,,,,,,,,,,,,,,,,,,,KILLED,,,,,,,,,,,,,,,,,,,,,,,,,,,,,,,,,,,,,,,,,,,,,,,,,,,,,,,,,,,,,,,,,
954|removed call to org/apache/commons/lang3/builder/ToStringStyle::appendDetail,,,,,,,,,,,,,,,,,,,,,,,,,,,,,,,,KILLED,,,,,,,,,,,,,,,,,,,,,,,,,,,,,,,,,,,,,,,,,,,,,,,,,,,,,,,,,,,,,,,,,
955|removed call to org/apache/commons/lang3/builder/ToStringStyle::appendFieldEnd,,,,,,,,,,,,,,,,,,,,,,,,,,,,,,,,KILLED,,,,,,,,,,,,,,,,,,,,,,,,,,,,,,,,,,,,,,,,,,,,,,,,,,,,,,,,,,,,,,,,,
969|removed call to org/apache/commons/lang3/builder/ToStringStyle::appendFieldStart,,,,,,,,,,,,,,,,,,,,,,,,,,,,,,,,,KILLED,,,,,,,,,,,,,,,,,,,,,,,,,,,,,,,,,,,,,,,,,,,,,,,,,,,,,,,,,,,,,,,,
971|negated conditional,,,,,,,,,,,,,,,,,,,,,,,,,,,,,,,,,KILLED,,,,,,,,,,,,,,,,,,,,,,,,,,,,,,,,,,,,,,,,,,,,,,,,,,,,,,,,,,,,,,,,
972|removed call to org/apache/commons/lang3/builder/ToStringStyle::appendNullText,,,,,,,,,,,,,,,,,,,,,,,,,,,,,,,,,,KILLED,,,,,,,,,,,,,,,,,,,,,,,,,,,,,,,,,,,,,,,,,,,,,,,,,,,,,,,,,,,,,,,
974|negated conditional,,,,,,,,,,,,,,,,,,,,,,,,,,,,,,,,,KILLED,,,,,,,,,,,,,,,,,,,,,,,,,,,,,,,,,,,,,,,,,,,,,,,,,,,,,,,,,,,,,,,,
975|removed call to org/apache/commons/lang3/builder/ToStringStyle::appendDetail,,,,,,,,,,,,,,,,,,,,,,,,,,,,,,,,,KILLED,,,,,,,,,,,,,,,,,,,,,,,,,,,,,,,,,,,,,,,,,,,,,,,,,,,,,,,,,,,,,,,,
978|removed call to org/apache/commons/lang3/builder/ToStringStyle::appendSummary,,,,,,,,,,,,,,,,,,,,,,,,,,,,,,,,,,,KILLED,,,,,,,,,,,,,,,,,,,,,,,,,,,,,,,,,,,,,,,,,,,,,,,,,,,,,,,,,,,,,,
981|removed call to org/apache/commons/lang3/builder/ToStringStyle::appendFieldEnd,,,,,,,,,,,,,,,,,,,,,,,,,,,,,,,,,,,,,,,,,,,,,,,,,,,,,,,,,,,,,,,,,,,,,,,,,,,,,,,,,,,,,,,,,,,,,,,,,
993|removed call to org/apache/commons/lang3/builder/ToStringStyle::appendFieldStart,,,,,,,,,,,,,,,,,,,,,,,,,,,,,,,,,,,,KILLED,,,,,,,,,,,,,,,,,,,,,,,,,,,,,,,,,,,,,,,,,,,,,,,,,,,,,,,,,,,,,
994|removed call to org/apache/commons/lang3/builder/ToStringStyle::appendDetail,,,,,,,,,,,,,,,,,,,,,,,,,,,,,,,,,,,,KILLED,,,,,,,,,,,,,,,,,,,,,,,,,,,,,,,,,,,,,,,,,,,,,,,,,,,,,,,,,,,,,
995|removed call to org/apache/commons/lang3/builder/ToStringStyle::appendFieldEnd,,,,,,,,,,,,,,,,,,,,,,,,,,,,,,,,,,,,KILLED,,,,,,,,,,,,,,,,,,,,,,,,,,,,,,,,,,,,,,,,,,,,,,,,,,,,,,,,,,,,,
1009|removed call to org/apache/commons/lang3/builder/ToStringStyle::appendFieldStart,,,,,,,,,,,,,,,,,,,,,,,,,,,,,,,,,,,,,KILLED,,,,,,,,,,,,,,,,,,,,,,,,,,,,,,,,,,,,,,,,,,,,,,,,,,,,,,,,,,,,
1011|negated conditional,,,,,,,,,,,,,,,,,,,,,,,,,,,,,,,,,,,,,KILLED,,,,,,,,,,,,,,,,,,,,,,,,,,,,,,,,,,,,,,,,,,,,,,,,,,,,,,,,,,,,
1012|removed call to org/apache/commons/lang3/builder/ToStringStyle::appendNullText,,,,,,,,,,,,,,,,,,,,,,,,,,,,,,,,,,,,,,KILLED,,,,,,,,,,,,,,,,,,,,,,,,,,,,,,,,,,,,,,,,,,,,,,,,,,,,,,,,,,,
1014|negated conditional,,,,,,,,,,,,,,,,,,,,,,,,,,,,,,,,,,,,,KILLED,,,,,,,,,,,,,,,,,,,,,,,,,,,,,,,,,,,,,,,,,,,,,,,,,,,,,,,,,,,,
1015|removed call to org/apache/commons/lang3/builder/ToStringStyle::appendDetail,,,,,,,,,,,,,,,,,,,,,,,,,,,,,,,,,,,,,KILLED,,,,,,,,,,,,,,,,,,,,,,,,,,,,,,,,,,,,,,,,,,,,,,,,,,,,,,,,,,,,
1018|removed call to org/apache/commons/lang3/builder/ToStringStyle::appendSummary,,,,,,,,,,,,,,,,,,,,,,,,,,,,,,,,,,,,,,,KILLED,,,,,,,,,,,,,,,,,,,,,,,,,,,,,,,,,,,,,,,,,,,,,,,,,,,,,,,,,,
1021|removed call to org/apache/commons/lang3/builder/ToStringStyle::appendFieldEnd,,,,,,,,,,,,,,,,,,,,,,,,,,,,,,,,,,,,,,,,,,,,,,,,,,,,,,,,,,,,,,,,,,,,,,,,,,,,,,,,,,,,,,,,,,,,,,,,,
1033|removed call to org/apache/commons/lang3/builder/ToStringStyle::appendFieldStart,,,,,,,,,,,,,,,,,,,,,,,,,,,,,,,,,,,,,,,,KILLED,,,,,,,,,,,,,,,,,,,,,,,,,,,,,,,,,,,,,,,,,,,,,,,,,,,,,,,,,
1034|removed call to org/apache/commons/lang3/builder/ToStringStyle::appendDetail,,,,,,,,,,,,,,,,,,,,,,,,,,,,,,,,,,,,,,,,KILLED,,,,,,,,,,,,,,,,,,,,,,,,,,,,,,,,,,,,,,,,,,,,,,,,,,,,,,,,,
1035|removed call to org/apache/commons/lang3/builder/ToStringStyle::appendFieldEnd,,,,,,,,,,,,,,,,,,,,,,,,,,,,,,,,,,,,,,,,KILLED,,,,,,,,,,,,,,,,,,,,,,,,,,,,,,,,,,,,,,,,,,,,,,,,,,,,,,,,,
1049|removed call to org/apache/commons/lang3/builder/ToStringStyle::appendFieldStart,,,,,,,,,,,,,,,,,,,,,,,,,,,,,,,,,,,,,,,,,KILLED,,,,,,,,,,,,,,,,,,,,,,,,,,,,,,,,,,,,,,,,,,,,,,,,,,,,,,,,
1051|negated conditional,,,,,,,,,,,,,,,,,,,,,,,,,,,,,,,,,,,,,,,,,KILLED,,,,,,,,,,,,,,,,,,,,,,,,,,,,,,,,,,,,,,,,,,,,,,,,,,,,,,,,
1052|removed call to org/apache/commons/lang3/builder/ToStringStyle::appendNullText,,,,,,,,,,,,,,,,,,,,,,,,,,,,,,,,,,,,,,,,,,KILLED,,,,,,,,,,,,,,,,,,,,,,,,,,,,,,,,,,,,,,,,,,,,,,,,,,,,,,,
1054|negated conditional,,,,,,,,,,,,,,,,,,,,,,,,,,,,,,,,,,,,,,,,,KILLED,,,,,,,,,,,,,,,,,,,,,,,,,,,,,,,,,,,,,,,,,,,,,,,,,,,,,,,,
1055|removed call to org/apache/commons/lang3/builder/ToStringStyle::appendDetail,,,,,,,,,,,,,,,,,,,,,,,,,,,,,,,,,,,,,,,,,KILLED,,,,,,,,,,,,,,,,,,,,,,,,,,,,,,,,,,,,,,,,,,,,,,,,,,,,,,,,
1058|removed call to org/apache/commons/lang3/builder/ToStringStyle::appendSummary,,,,,,,,,,,,,,,,,,,,,,,,,,,,,,,,,,,,,,,,,,,KILLED,,,,,,,,,,,,,,,,,,,,,,,,,,,,,,,,,,,,,,,,,,,,,,,,,,,,,,
1061|removed call to org/apache/commons/lang3/builder/ToStringStyle::appendFieldEnd,,,,,,,,,,,,,,,,,,,,,,,,,,,,,,,,,,,,,,,,,,,,,,,,,,,,,,,,,,,,,,,,,,,,,,,,,,,,,,,,,,,,,,,,,,,,,,,,,
1073|removed call to org/apache/commons/lang3/builder/ToStringStyle::appendFieldStart,,,,,,,,,,,,,,,,,,,,,,,,,,,,,,,,,,,,,,,,,,,,KILLED,,,,,,,,,,,,,,,,,,,,,,,,,,,,,,,,,,,,,,,,,,,,,,,,,,,,,
1074|removed call to org/apache/commons/lang3/builder/ToStringStyle::appendDetail,,,,,,,,,,,,,,,,,,,,,,,,,,,,,,,,,,,,,,,,,,,,KILLED,,,,,,,,,,,,,,,,,,,,,,,,,,,,,,,,,,,,,,,,,,,,,,,,,,,,,
1075|removed call to org/apache/commons/lang3/builder/ToStringStyle::appendFieldEnd,,,,,,,,,,,,,,,,,,,,,,,,,,,,,,,,,,,,,,,,,,,,KILLED,,,,,,,,,,,,,,,,,,,,,,,,,,,,,,,,,,,,,,,,,,,,,,,,,,,,,
1089|removed call to org/apache/commons/lang3/builder/ToStringStyle::appendFieldStart,,,,,,,,,,,,,,,,,,,,,,,,,,,,,,,,,,,,,,,,,,,,,KILLED,,,,,,,,,,,,,,,,,,,,,,,,,,,,,,,,,,,,,,,,,,,,,,,,,,,,
1091|negated conditional,,,,,,,,,,,,,,,,,,,,,,,,,,,,,,,,,,,,,,,,,,,,,KILLED,,,,,,,,,,,,,,,,,,,,,,,,,,,,,,,,,,,,,,,,,,,,,,,,,,,,
1092|removed call to org/apache/commons/lang3/builder/ToStringStyle::appendNullText,,,,,,,,,,,,,,,,,,,,,,,,,,,,,,,,,,,,,,,,,,,,,,KILLED,,,,,,,,,,,,,,,,,,,,,,,,,,,,,,,,,,,,,,,,,,,,,,,,,,,
1094|negated conditional,,,,,,,,,,,,,,,,,,,,,,,,,,,,,,,,,,,,,,,,,,,,,KILLED,,,,,,,,,,,,,,,,,,,,,,,,,,,,,,,,,,,,,,,,,,,,,,,,,,,,
1095|removed call to org/apache/commons/lang3/builder/ToStringStyle::appendDetail,,,,,,,,,,,,,,,,,,,,,,,,,,,,,,,,,,,,,,,,,,,,,KILLED,,,,,,,,,,,,,,,,,,,,,,,,,,,,,,,,,,,,,,,,,,,,,,,,,,,,
1098|removed call to org/apache/commons/lang3/builder/ToStringStyle::appendSummary,,,,,,,,,,,,,,,,,,,,,,,,,,,,,,,,,,,,,,,,,,,,,,,KILLED,,,,,,,,,,,,,,,,,,,,,,,,,,,,,,,,,,,,,,,,,,,,,,,,,,
1101|removed call to org/apache/commons/lang3/builder/ToStringStyle::appendFieldEnd,,,,,,,,,,,,,,,,,,,,,,,,,,,,,,,,,,,,,,,,,,,,,,,,,,,,,,,,,,,,,,,,,,,,,,,,,,,,,,,,,,,,,,,,,,,,,,,,,
1113|removed call to org/apache/commons/lang3/builder/ToStringStyle::appendFieldStart,,,,,,,,,,,,,,,,,,,,,,,,,,,,,,,,,,,,,,,,,,,,,,,,KILLED,,,,,,,,,,,,,,,,,,,,,,,,,,,,,,,,,,,,,,,,,,,,,,,,,
1114|removed call to org/apache/commons/lang3/builder/ToStringStyle::appendDetail,,,,,,,,,,,,,,,,,,,,,,,,,,,,,,,,,,,,,,,,,,,,,,,,,KILLED,,,,,,,,,,,,,,,,,,,,,,,,,,,,,,,,,,,,,,,,,,,,,,,,
1115|removed call to org/apache/commons/lang3/builder/ToStringStyle::appendFieldEnd,,,,,,,,,,,,,,,,,,,,,,,,,,,,,,,,,,,,,,,,,,,,,,,,,KILLED,,,,,,,,,,,,,,,,,,,,,,,,,,,,,,,,,,,,,,,,,,,,,,,,
1129|removed call to org/apache/commons/lang3/builder/ToStringStyle::appendFieldStart,,,,,,,,,,,,,,,,,,,,,,,,,,,,,,,,,,,,,,,,,,,,,,,,,,KILLED,,,,,,,,,,,,,,,,,,,,,,,,,,,,,,,,,,,,,,,,,,,,,,,
1131|negated conditional,,,,,,,,,,,,,,,,,,,,,,,,,,,,,,,,,,,,,,,,,,,,,,,,,,,KILLED,,,,,,,,,,,,,,,,,,,,,,,,,,,,,,,,,,,,,,,,,,,,,,
1132|removed call to org/apache/commons/lang3/builder/ToStringStyle::appendNullText,,,,,,,,,,,,,,,,,,,,,,,,,,,,,,,,,,,,,,,,,,,,,,,,,,,KILLED,,,,,,,,,,,,,,,,,,,,,,,,,,,,,,,,,,,,,,,,,,,,,,
1134|negated conditional,,,,,,,,,,,,,,,,,,,,,,,,,,,,,,,,,,,,,,,,,,,,,,,,,,,KILLED,,,,,,,,,,,,,,,,,,,,,,,,,,,,,,,,,,,,,,,,,,,,,,
1135|removed call to org/apache/commons/lang3/builder/ToStringStyle::appendDetail,,,,,,,,,,,,,,,,,,,,,,,,,,,,,,,,,,,,,,,,,,,,,,,,,,,KILLED,,,,,,,,,,,,,,,,,,,,,,,,,,,,,,,,,,,,,,,,,,,,,,
1138|removed call to org/apache/commons/lang3/builder/ToStringStyle::appendSummary,,,,,,,,,,,,,,,,,,,,,,,,,,,,,,,,,,,,,,,,,,,,,,,,,,,,KILLED,,,,,,,,,,,,,,,,,,,,,,,,,,,,,,,,,,,,,,,,,,,,,
1141|removed call to org/apache/commons/lang3/builder/ToStringStyle::appendFieldEnd,,,,,,,,,,,,,,,,,,,,,,,,,,,,,,,,,,,,,,,,,,,,,,,,,,,,,,,,,,,,,,,,,,,,,,,,,,,,,,,,,,,,,,,,,,,,,,,,,
1156|removed call to org/apache/commons/lang3/builder/ToStringStyle::appendFieldStart,,,,,,,,,,,,,,,,,,,,,KILLED,,,,,,,,,,,,,,,,,,,,,,,,,,,,,,,,,,,,,,,,,,,,,,,,,,,,,,,,,,,,,,,,,,,,,,,,,,,,
1158|negated conditional,,,,,,,,,,,,,,,,,,,,,KILLED,,,,,,,,,,,,,,,,,,,,,,,,,,,,,,,,,,,,,,,,,,,,,,,,,,,,,,,,,,,,,,,,,,,,,,,,,,,,
1159|removed call to org/apache/commons/lang3/builder/ToStringStyle::appendNullText,,,,,,,,,,,,,,,,,,,,,,,,,,,,,,,,,,,,,,,,,,,,,,,,,,,,,KILLED,,,,,,,,,,,,,,,,,,,,,,,,,,,,,,,,,,,,,,,,,,,,
1162|removed call to org/apache/commons/lang3/builder/ToStringStyle::appendInternal,,,,,,,,,,,,,,,,,,,,,KILLED,,,,,,,,,,,,,,,,,,,,,,,,,,,,,,,,,,,,,,,,,,,,,,,,,,,,,,,,,,,,,,,,,,,,,,,,,,,,
1165|removed call to org/apache/commons/lang3/builder/ToStringStyle::appendFieldEnd,,,,,,,,,,,,,,,,,,,,,,,,,,,,,,,,,,,,,,,,,,,,,,,,,,,,,,KILLED,,,,,,,,,,,,,,,,,,,,,,,,,,,,,,,,,,,,,,,,,,,
1179|removed call to org/apache/commons/lang3/builder/ToStringStyle::appendFieldStart,,,,,,,,,,,,,,,,,,,,,,,,,,,,,,,,,,,,,,,,,,,,,,,,,,,,,,,KILLED,,,,,,,,,,,,,,,,,,,,,,,,,,,,,,,,,,,,,,,,,,
1181|negated conditional,,,,,,,,,,,,,,,,,,,,,,,,,,,,,,,,,,,,,,,,,,,,,,,,,,,,,,,,KILLED,,,,,,,,,,,,,,,,,,,,,,,,,,,,,,,,,,,,,,,,,
1182|removed call to org/apache/commons/lang3/builder/ToStringStyle::appendNullText,,,,,,,,,,,,,,,,,,,,,,,,,,,,,,,,,,,,,,,,,,,,,,,,,,,,,,,,KILLED,,,,,,,,,,,,,,,,,,,,,,,,,,,,,,,,,,,,,,,,,
1184|negated conditional,,,,,,,,,,,,,,,,,,,,,,,,,,,,,,,,,,,,,,,,,,,,,,,,,,,,,,,,KILLED,,,,,,,,,,,,,,,,,,,,,,,,,,,,,,,,,,,,,,,,,
1185|removed call to org/apache/commons/lang3/builder/ToStringStyle::appendDetail,,,,,,,,,,,,,,,,,,,,,,,,,,,,,,,,,,,,,,,,,,,,,,,,,,,,,,,,KILLED,,,,,,,,,,,,,,,,,,,,,,,,,,,,,,,,,,,,,,,,,
1188|removed call to org/apache/commons/lang3/builder/ToStringStyle::appendSummary,,,,,,,,,,,,,,,,,,,,,,,,,,,,,,,,,,,,,,,,,,,,,,,,,,,,,,,,,KILLED,,,,,,,,,,,,,,,,,,,,,,,,,,,,,,,,,,,,,,,,
1191|removed call to org/apache/commons/lang3/builder/ToStringStyle::appendFieldEnd,,,,,,,,,,,,,,,,,,,,,,,,,,,,,,,,,,,,,,,,,,,,,,,,,,,,,,,,,,,,,,,,,,,,,,,,,,,,,,,,,,,,,,,,,,,,,,,,,
1203|removed call to org/apache/commons/lang3/builder/ToStringStyle::appendFieldStart,,,,,,,,,,,,,,,,,,,,,,,,,,,,,,,,,,,,,,,,,,,,,,,,,,,,,,,,,,KILLED,,,,,,,,,,,,,,,,,,,,,,,,,,,,,,,,,,,,,,,
1204|removed call to org/apache/commons/lang3/builder/ToStringStyle::appendDetail,,,,,,,,,,,,,,,,,,,,,,,,,,,,,,,,,,,,,,,,,,,,,,,,,,,,,,,,,,KILLED,,,,,,,,,,,,,,,,,,,,,,,,,,,,,,,,,,,,,,,
1205|removed call to org/apache/commons/lang3/builder/ToStringStyle::appendFieldEnd,,,,,,,,,,,,,,,,,,,,,,,,,,,,,,,,,,,,,,,,,,,,,,,,,,,,,,,,,,KILLED,,,,,,,,,,,,,,,,,,,,,,,,,,,,,,,,,,,,,,,
1219|removed call to org/apache/commons/lang3/builder/ToStringStyle::appendFieldStart,,,,,,,,,,,,,,,,,,,,,,,,,,,,,,,,,,,,,,,,,,,,,,,,,,,,,,,,,,,KILLED,,,,,,,,,,,,,,,,,,,,,,,,,,,,,,,,,,,,,,
1221|negated conditional,,,,,,,,,,,,,,,,,,,,,,,,,,,,,,,,,,,,,,,,,,,,,,,,,,,,,,,,,,,KILLED,,,,,,,,,,,,,,,,,,,,,,,,,,,,,,,,,,,,,,
1222|removed call to org/apache/commons/lang3/builder/ToStringStyle::appendNullText,,,,,,,,,,,,,,,,,,,,,,,,,,,,,,,,,,,,,,,,,,,,,,,,,,,,,,,,,,,,KILLED,,,,,,,,,,,,,,,,,,,,,,,,,,,,,,,,,,,,,
1224|negated conditional,,,,,,,,,,,,,,,,,,,,,,,,,,,,,,,,,,,,,,,,,,,,,,,,,,,,,,,,,,,KILLED,,,,,,,,,,,,,,,,,,,,,,,,,,,,,,,,,,,,,,
1225|removed call to org/apache/commons/lang3/builder/ToStringStyle::appendDetail,,,,,,,,,,,,,,,,,,,,,,,,,,,,,,,,,,,,,,,,,,,,,,,,,,,,,,,,,,,KILLED,,,,,,,,,,,,,,,,,,,,,,,,,,,,,,,,,,,,,,
1228|removed call to org/apache/commons/lang3/builder/ToStringStyle::appendSummary,,,,,,,,,,,,,,,,,,,,,,,,,,,,,,,,,,,,,,,,,,,,,,,,,,,,,,,,,,,,,KILLED,,,,,,,,,,,,,,,,,,,,,,,,,,,,,,,,,,,,
1231|removed call to org/apache/commons/lang3/builder/ToStringStyle::appendFieldEnd,,,,,,,,,,,,,,,,,,,,,,,,,,,,,,,,,,,,,,,,,,,,,,,,,,,,,,,,,,,,,,,,,,,,,,,,,,,,,,,,,,,,,,,,,,,,,,,,,
1241|negated conditional,,,,,,,,,,,,,,,,,,,,,,,,,,,,,,,,,,,,,,,,,,,,,,,,,,,,,,,,,,,,,,KILLED,,,,,,,,,,,,,,,,,,,,,,,,,,,,,,,,,,,
1242|removed call to org/apache/commons/lang3/builder/ToStringStyle::register,,,,,,,,,,,,,,,,,,,,,,,,,,,,,,,,,,,,,,,,,,,,,,,,,,,,,,,,,,,,,,,,,,,,,,,,,,,,,,,,,,,,,,,,,,,,,,,,,
1243|negated conditional,,,,,,,,,,,,,,,,,,,,,,,,,,,,,,,,,,,,,,,,,,,,,,,,,,,,,,,,,,,,,,KILLED,,,,,,,,,,,,,,,,,,,,,,,,,,,,,,,,,,,
1282|removed call to org/apache/commons/lang3/ObjectUtils::identityToString,,,,,,,,,,,,,,,,,,,,,,KILLED,,,,,,,,,,,,,,,,,,,,,,,,,,,,,,,,,,,,,,,,,,,,,,,,,,,,,,,,,,,,,,,,,,,,,,,,,,,
1308|negated conditional,,,,,,,,,,,,,,,,,,,,,,,,,,KILLED,,,,,,,,,,,,,,,,,,,,,,,,,,,,,,,,,,,,,,,,,,,,,,,,,,,,,,,,,,,,,,,,,,,,,,,
1309|negated conditional,,,,,,,,,,,,,,,,,,,,,,,,,,KILLED,,,,,,,,,,,,,,,,,,,,,,,,,,,,,,,,,,,,,,,,,,,,,,,,,,,,,,,,,,,,,,,,,,,,,,,
1312|removed call to org/apache/commons/lang3/builder/ToStringStyle::appendDetail,,,,,,,,,,,,,,,,,,,,,,,,,,KILLED,,,,,,,,,,,,,,,,,,,,,,,,,,,,,,,,,,,,,,,,,,,,,,,,,,,,,,,,,,,,,,,,,,,,,,,
1340|changed conditional boundary,,,,,,,,,,,,,,,,,,,,,,,,,,,,,KILLED,,,,,,,,,,,,,,,,,,,,,,,,,,,,,,,,,,,,,,,,,,,,,,,,,,,,,,,,,,,,,,,,,,,,
1341|changed conditional boundary,,,,,,,,,,,,,,,,,,,,,,,,,,,,,KILLED,,,,,,,,,,,,,,,,,,,,,,,,,,,,,,,,,,,,,,,,,,,,,,,,,,,,,,,,,,,,,,,,,,,,
1344|removed call to org/apache/commons/lang3/builder/ToStringStyle::appendDetail,,,,,,,,,,,,,,,,,,,,,,,,,,,,,KILLED,,,,,,,,,,,,,,,,,,,,,,,,,,,,,,,,,,,,,,,,,,,,,,,,,,,,,,,,,,,,,,,,,,,,
1372|negated conditional,,,,,,,,,,,,,,,,,,,,,,,,,,,,,,,,,KILLED,,,,,,,,,,,,,,,,,,,,,,,,,,,,,,,,,,,,,,,,,,,,,,,,,,,,,,,,,,,,,,,,
1373|changed conditional boundary,,,,,,,,,,,,,,,,,,,,,,,,,,,,,,,,,KILLED,,,,,,,,,,,,,,,,,,,,,,,,,,,,,,,,,,,,,,,,,,,,,,,,,,,,,,,,,,,,,,,,
1376|removed call to org/apache/commons/lang3/builder/ToStringStyle::appendDetail,,,,,,,,,,,,,,,,,,,,,,,,,,,,,,,,,KILLED,,,,,,,,,,,,,,,,,,,,,,,,,,,,,,,,,,,,,,,,,,,,,,,,,,,,,,,,,,,,,,,,
1416|negated conditional,,,,,,,,,,,,,,,,,,,,,,,,,,,,,,,,,,,,,KILLED,,,,,,,,,,,,,,,,,,,,,,,,,,,,,,,,,,,,,,,,,,,,,,,,,,,,,,,,,,,,
1417|negated conditional,,,,,,,,,,,,,,,,,,,,,,,,,,,,,,,,,,,,,KILLED,,,,,,,,,,,,,,,,,,,,,,,,,,,,,,,,,,,,,,,,,,,,,,,,,,,,,,,,,,,,
1420|removed call to org/apache/commons/lang3/builder/ToStringStyle::appendDetail,,,,,,,,,,,,,,,,,,,,,,,,,,,,,,,,,,,,,KILLED,,,,,,,,,,,,,,,,,,,,,,,,,,,,,,,,,,,,,,,,,,,,,,,,,,,,,,,,,,,,
1448|negated conditional,,,,,,,,,,,,,,,,,,,,,,,,,,,,,,,,,,,,,,,,,KILLED,,,,,,,,,,,,,,,,,,,,,,,,,,,,,,,,,,,,,,,,,,,,,,,,,,,,,,,,
1449|changed conditional boundary,,,,,,,,,,,,,,,,,,,,,,,,,,,,,,,,,,,,,,,,,KILLED,,,,,,,,,,,,,,,,,,,,,,,,,,,,,,,,,,,,,,,,,,,,,,,,,,,,,,,,
1452|removed call to org/apache/commons/lang3/builder/ToStringStyle::appendDetail,,,,,,,,,,,,,,,,,,,,,,,,,,,,,,,,,,,,,,,,,KILLED,,,,,,,,,,,,,,,,,,,,,,,,,,,,,,,,,,,,,,,,,,,,,,,,,,,,,,,,
1480|negated conditional,,,,,,,,,,,,,,,,,,,,,,,,,,,,,,,,,,,,,,,,,,,,,,,,,,,,,,,,,,,,,,,KILLED,,,,,,,,,,,,,,,,,,,,,,,,,,,,,,,,,,
1483|negated conditional,,,,,,,,,,,,,,,,,,,,,,,,,,,,,,,,,,,,,,,,,,,,,,,,,,,,,,,,,,,,,,,KILLED,,,,,,,,,,,,,,,,,,,,,,,,,,,,,,,,,,
1484|removed call to org/apache/commons/lang3/builder/ToStringStyle::appendNullText,,,,,,,,,,,,,,,,,,,,,,,,,,,,,,,,,,,,,,,,,,,,,,,,,,,,,,,,,,,,,,,KILLED,,,,,,,,,,,,,,,,,,,,,,,,,,,,,,,,,,
1486|removed call to org/apache/commons/lang3/builder/ToStringStyle::appendInternal,,,,,,,,,,,,,,,,,,,,,,,,,,,,,,,,,,,,,,,,,,,,,,,,,,,,,,,,,,,,,,,KILLED,,,,,,,,,,,,,,,,,,,,,,,,,,,,,,,,,,
1501|negated conditional,,,,,,,,,,,,,,,,,,,,,,,,,,,,,,,,,,,,,,,,,,,,,KILLED,,,,,,,,,,,,,,,,,,,,,,,,,,,,,,,,,,,,,,,,,,,,,,,,,,,,
1502|changed conditional boundary,,,,,,,,,,,,,,,,,,,,,,,,,,,,,,,,,,,,,,,,,,,,,KILLED,,,,,,,,,,,,,,,,,,,,,,,,,,,,,,,,,,,,,,,,,,,,,,,,,,,,
1505|removed call to org/apache/commons/lang3/builder/ToStringStyle::appendDetail,,,,,,,,,,,,,,,,,,,,,,,,,,,,,,,,,,,,,,,,,,,,,KILLED,,,,,,,,,,,,,,,,,,,,,,,,,,,,,,,,,,,,,,,,,,,,,,,,,,,,
1533|negated conditional,,,,,,,,,,,,,,,,,,,,,,,,,,,,,,,,,,,,,,,,,,,,,,,,,,,,,KILLED,,,,,,,,,,,,,,,,,,,,,,,,,,,,,,,,,,,,,,,,,,,,
1534|negated conditional,,,,,,,,,,,,,,,,,,,,,,,,,,,,,,,,,,,,,,,,,,,,,,,,,,,,,KILLED,,,,,,,,,,,,,,,,,,,,,,,,,,,,,,,,,,,,,,,,,,,,
1537|removed call to org/apache/commons/lang3/builder/ToStringStyle::appendDetail,,,,,,,,,,,,,,,,,,,,,,,,,,,,,,,,,,,,,,,,,,,,,,,,,,,,,KILLED,,,,,,,,,,,,,,,,,,,,,,,,,,,,,,,,,,,,,,,,,,,,
1578|negated conditional,,,,,,,,,,,,,,,,,,,,,,,,,,,,,,,,,,,,,,,,,,,,,,,,,,,,,,,,,,,,,,,KILLED,,,,,,,,,,,,,,,,,,,,,,,,,,,,,,,,,,
1579|removed call to org/apache/commons/lang3/builder/ToStringStyle::appendDetail,,,,,,,,,,,,,,,,,,,,,,,,,,,,,,,,,,,,,,,,,,,,,,,,,,,,,,,,,,,,,,,KILLED,,,,,,,,,,,,,,,,,,,,,,,,,,,,,,,,,,
1607|changed conditional boundary,,,,,,,,,,,,,,,,,,,,,,,,,,,,,,,,,,,,,,,,,,,,,,,,,,,,,,,,,,,KILLED,,,,,,,,,,,,,,,,,,,,,,,,,,,,,,,,,,,,,,
1608|negated conditional,,,,,,,,,,,,,,,,,,,,,,,,,,,,,,,,,,,,,,,,,,,,,,,,,,,,,,,,,,,KILLED,,,,,,,,,,,,,,,,,,,,,,,,,,,,,,,,,,,,,,
1611|removed call to org/apache/commons/lang3/builder/ToStringStyle::appendDetail,,,,,,,,,,,,,,,,,,,,,,,,,,,,,,,,,,,,,,,,,,,,,,,,,,,,,,,,,,,KILLED,,,,,,,,,,,,,,,,,,,,,,,,,,,,,,,,,,,,,,
1624|negated conditional,,,,,,,,,,,,,,,,,,,,,,,,,,,,,,,,,,,,,,,,,,,,,,,,KILLED,,,,,,,,,,,,,,,,,,,,,,,,,,,,,,,,,,,,,,,,,,,,,,,,,
1625|removed call to org/apache/commons/lang3/builder/ToStringStyle::removeLastFieldSeparator,,,,,,,,,,,,,,,,,,,,,,,,,,,,,,,,,,,,,,,,,,,,,,,,KILLED,,,,,,,,,,,,,,,,,,,,,,,,,,,,,,,,,,,,,,,,,,,,,,,,,
1627|removed call to org/apache/commons/lang3/builder/ToStringStyle::appendContentEnd,,,,,,,,,,,,,,,,,,,,,,,,,,,,,,,,,,,,,,,,,,,,,,,,,,,,,,,,,,,,,,,,KILLED,,,,,,,,,,,,,,,,,,,,,,,,,,,,,,,,,
1628|removed call to org/apache/commons/lang3/builder/ToStringStyle::unregister,,,,,,,,,,,,,,,,,,,,,,,KILLED,,,,,,,,,,,,,,,,,,,,,,,,,,,,,,,,,,,,,,,,,,,,,,,,,,,,,,,,,,,,,,,,,,,,,,,,,,
1638|removed call to org/apache/commons/lang3/builder/ToStringStyle::appendFieldSeparator,,,,,,,,,,,,,,,,,,,,,,,,,,,,,,,,,,,,,,,,,,,,,,,,KILLED,,,,,,,,,,,,,,,,,,,,,,,,,,,,,,,,,,,,,,,,,,,,,,,,,
1657|negated conditional,,,,,,,,,,,,,,,,,,,,,,,,,,,,,,,,,,,,,,,,,,,,,,,,KILLED,,,,,,,,,,,,,,,,,,,,,,,,,,,,,,,,,,,,,,,,,,,,,,,,,
1670|negated conditional,,,,,,,,,,,,,,,,,,,,,,,,,,,,,,,,,,,,,,,,,,,,,,,,,,,,,,,,,,,,,,KILLED,,,,,,,,,,,,,,,,,,,,,,,,,,,,,,,,,,,
1671|removed call to org/apache/commons/lang3/builder/ToStringStyle::register,,,,,,,,,,,,,,,,,,,,,,,,,,,,,,,,,,,,,,,,,,,,,,,,,,,,,,,,,,,,,,,,,,,,,,,,,,,,,,,,,,,,,,,,,,,,,,,,,
1697|negated conditional,,,,,,,,,,,,,,,,,,,,,,KILLED,,,,,,,,,,,,,,,,,,,,,,,,,,,,,,,,,,,,,,,,,,,,,,,,,,,,,,,,,,,,,,,,,,,,,,,,,,,
1699|removed call to org/apache/commons/lang3/builder/ToStringStyle::appendCyclicObject,,,,,,,,,,,,,,,,,,,,,,KILLED,,,,,,,,,,,,,,,,,,,,,,,,,,,,,,,,,,,,,,,,,,,,,,,,,,,,,,,,,,,,,,,,,,,,,,,,,,,
1703|removed call to org/apache/commons/lang3/builder/ToStringStyle::register,,,,,,,,,,,,,,,,,,,,,,,,,,,,,,,,,,,,,,,,,,,,,,,,,,,,,,,,,,,,,,,,,,,,,,,,,,,,,,,,,,,,,,,,,,,,,,,,,
1706|negated conditional,,,,,,,,,,,,,,,,,,,,,KILLED,,,,,,,,,,,,,,,,,,,,,,,,,,,,,,,,,,,,,,,,,,,,,,,,,,,,,,,,,,,,,,,,,,,,,,,,,,,,
1707|negated conditional,,,,,,,,,,,,,,,,,,,,,,,,,,,,,,,,,,,,,,,,,,,,,,,,,,,,,,,,,,,,,,,,,KILLED,,,,,,,,,,,,,,,,,,,,,,,,,,,,,,,,
1708|removed call to org/apache/commons/lang3/builder/ToStringStyle::appendDetail,,,,,,,,,,,,,,,,,,,,,,,,,,,,,,,,,,,,,,,,,,,,,,,,,,,,,,,,,,,,,,,,,KILLED,,,,,,,,,,,,,,,,,,,,,,,,,,,,,,,,
1710|removed call to org/apache/commons/lang3/builder/ToStringStyle::appendSummarySize,,,,,,,,,,,,,,,,,,,,,,,,,,,,,,,,,,,,,,,,,,,,,,,,,,,,,,,,,,,,,,,,,,KILLED,,,,,,,,,,,,,,,,,,,,,,,,,,,,,,,
1713|negated conditional,,,,,,,,,,,,,,,,,,,,,KILLED,,,,,,,,,,,,,,,,,,,,,,,,,,,,,,,,,,,,,,,,,,,,,,,,,,,,,,,,,,,,,,,,,,,,,,,,,,,,
1714|negated conditional,,,,,,,,,,,,,,,,,,,,,,,,,,,,,,,,,,,,,,,,,,,,,,,,,,,,,,,,,,,,,,,,,,,KILLED,,,,,,,,,,,,,,,,,,,,,,,,,,,,,,
1715|removed call to org/apache/commons/lang3/builder/ToStringStyle::appendDetail,,,,,,,,,,,,,,,,,,,,,,,,,,,,,,,,,,,,,,,,,,,,,,,,,,,,,,,,,,,,,,,,,,,KILLED,,,,,,,,,,,,,,,,,,,,,,,,,,,,,,
1717|removed call to org/apache/commons/lang3/builder/ToStringStyle::appendSummarySize,,,,,,,,,,,,,,,,,,,,,,,,,,,,,,,,,,,,,,,,,,,,,,,,,,,,,,,,,,,,,,,,,,,KILLED,,,,,,,,,,,,,,,,,,,,,,,,,,,,,,
1720|negated conditional,,,,,,,,,,,,,,,,,,,,,,,,,,,,,,,,,,,,,,,,,,,,,,,,,,,,,,KILLED,,,,,,,,,,,,,,,,,,,,,,,,,,,,,,,,,,,,,,,,,,,
1721|negated conditional,,,,,,,,,,,,,,,,,,,,,,,,,,,,,,,,,,,,,,,,,,,,,,,,,,,,,KILLED,,,,,,,,,,,,,,,,,,,,,,,,,,,,,,,,,,,,,,,,,,,,
1722|removed call to org/apache/commons/lang3/builder/ToStringStyle::appendDetail,,,,,,,,,,,,,,,,,,,,,,,,,,,,,,,,,,,,,,,,,,,,,,,,,,,,,KILLED,,,,,,,,,,,,,,,,,,,,,,,,,,,,,,,,,,,,,,,,,,,,
1724|removed call to org/apache/commons/lang3/builder/ToStringStyle::appendSummary,NO_COVERAGE,,,,,,,,,,,,,,,,,,,,,,,,,,,,,,,,,,,,,,,,,,,,,,,,,,,,,,,,,,,,,,,,,,,,,,,,,,,,,,,,,,,,,,,,,,,,,,,,
1727|negated conditional,,,,,,,,,,,,,,,,,,,,,,,,,,,,,,,,,,,,,,,,,,,,,,,,,,,,,,KILLED,,,,,,,,,,,,,,,,,,,,,,,,,,,,,,,,,,,,,,,,,,,
1728|negated conditional,,,,,,,,,,,,,,,,,,,,,,,,,,,,,,,,,,,,,,,,,,,,,,,,,,,,,,,,,,,,,,,,,,,,KILLED,,,,,,,,,,,,,,,,,,,,,,,,,,,,,
1729|removed call to org/apache/commons/lang3/builder/ToStringStyle::appendDetail,,,,,,,,,,,,,,,,,,,,,,,,,,,,,,,,,,,,,,,,,,,,,,,,,,,,,,,,,,,,,,,,,,,,KILLED,,,,,,,,,,,,,,,,,,,,,,,,,,,,,
1731|removed call to org/apache/commons/lang3/builder/ToStringStyle::appendSummary,NO_COVERAGE,,,,,,,,,,,,,,,,,,,,,,,,,,,,,,,,,,,,,,,,,,,,,,,,,,,,,,,,,,,,,,,,,,,,,,,,,,,,,,,,,,,,,,,,,,,,,,,,
1734|negated conditional,,,,,,,,,,,,,,,,,,,,,,,,,,,,,,,,,,,,,,,,,,,,,,,,,,,,,,KILLED,,,,,,,,,,,,,,,,,,,,,,,,,,,,,,,,,,,,,,,,,,,
1735|negated conditional,,,,,,,,,,,,,,,,,,,,,,,,,,,,,,,,,,,,,,,,,,,,,,,,,,,,,,,,,,,,KILLED,,,,,,,,,,,,,,,,,,,,,,,,,,,,,,,,,,,,,
1736|removed call to org/apache/commons/lang3/builder/ToStringStyle::appendDetail,,,,,,,,,,,,,,,,,,,,,,,,,,,,,,,,,,,,,,,,,,,,,,,,,,,,,,,,,,,,KILLED,,,,,,,,,,,,,,,,,,,,,,,,,,,,,,,,,,,,,
1738|removed call to org/apache/commons/lang3/builder/ToStringStyle::appendSummary,NO_COVERAGE,,,,,,,,,,,,,,,,,,,,,,,,,,,,,,,,,,,,,,,,,,,,,,,,,,,,,,,,,,,,,,,,,,,,,,,,,,,,,,,,,,,,,,,,,,,,,,,,
1741|negated conditional,,,,,,,,,,,,,,,,,,,,,,,,,,,,,,,,,,,,,,,,,,,,,,,,,,,,,,KILLED,,,,,,,,,,,,,,,,,,,,,,,,,,,,,,,,,,,,,,,,,,,
1742|negated conditional,,,,,,,,,,,,,,,,,,,,,,,,,,,,,,KILLED,,,,,,,,,,,,,,,,,,,,,,,,,,,,,,,,,,,,,,,,,,,,,,,,,,,,,,,,,,,,,,,,,,,
1743|removed call to org/apache/commons/lang3/builder/ToStringStyle::appendDetail,,,,,,,,,,,,,,,,,,,,,,,,,,,,,,KILLED,,,,,,,,,,,,,,,,,,,,,,,,,,,,,,,,,,,,,,,,,,,,,,,,,,,,,,,,,,,,,,,,,,,
1745|removed call to org/apache/commons/lang3/builder/ToStringStyle::appendSummary,NO_COVERAGE,,,,,,,,,,,,,,,,,,,,,,,,,,,,,,,,,,,,,,,,,,,,,,,,,,,,,,,,,,,,,,,,,,,,,,,,,,,,,,,,,,,,,,,,,,,,,,,,
1748|negated conditional,,,,,,,,,,,,,,,,,,,,,,,,,,,,,,,,,,,,,,,,,,,,,,,,,,,,,,KILLED,,,,,,,,,,,,,,,,,,,,,,,,,,,,,,,,,,,,,,,,,,,
1749|negated conditional,,,,,,,,,,,,,,,,,,,,,,,,,,,,,,,,,,KILLED,,,,,,,,,,,,,,,,,,,,,,,,,,,,,,,,,,,,,,,,,,,,,,,,,,,,,,,,,,,,,,,
1750|removed call to org/apache/commons/lang3/builder/ToStringStyle::appendDetail,,,,,,,,,,,,,,,,,,,,,,,,,,,,,,,,,,KILLED,,,,,,,,,,,,,,,,,,,,,,,,,,,,,,,,,,,,,,,,,,,,,,,,,,,,,,,,,,,,,,,
1752|removed call to org/apache/commons/lang3/builder/ToStringStyle::appendSummary,NO_COVERAGE,,,,,,,,,,,,,,,,,,,,,,,,,,,,,,,,,,,,,,,,,,,,,,,,,,,,,,,,,,,,,,,,,,,,,,,,,,,,,,,,,,,,,,,,,,,,,,,,
1755|negated conditional,,,,,,,,,,,,,,,,,,,,,,,,,,,,,,,,,,,,,,,,,,,,,,,,,,,,,,KILLED,,,,,,,,,,,,,,,,,,,,,,,,,,,,,,,,,,,,,,,,,,,
1756|negated conditional,,,,,,,,,,,,,,,,,,,,,,,,,,,,,,,,,,,,,,KILLED,,,,,,,,,,,,,,,,,,,,,,,,,,,,,,,,,,,,,,,,,,,,,,,,,,,,,,,,,,,
1757|removed call to org/apache/commons/lang3/builder/ToStringStyle::appendDetail,,,,,,,,,,,,,,,,,,,,,,,,,,,,,,,,,,,,,,KILLED,,,,,,,,,,,,,,,,,,,,,,,,,,,,,,,,,,,,,,,,,,,,,,,,,,,,,,,,,,,
1759|removed call to org/apache/commons/lang3/builder/ToStringStyle::appendSummary,NO_COVERAGE,,,,,,,,,,,,,,,,,,,,,,,,,,,,,,,,,,,,,,,,,,,,,,,,,,,,,,,,,,,,,,,,,,,,,,,,,,,,,,,,,,,,,,,,,,,,,,,,
1762|negated conditional,,,,,,,,,,,,,,,,,,,,,,,,,,,,,,,,,,,,,,,,,,,,,,,,,,,,,,KILLED,,,,,,,,,,,,,,,,,,,,,,,,,,,,,,,,,,,,,,,,,,,
1763|negated conditional,,,,,,,,,,,,,,,,,,,,,,,,,,,,,,,,,,,,,,,,,,KILLED,,,,,,,,,,,,,,,,,,,,,,,,,,,,,,,,,,,,,,,,,,,,,,,,,,,,,,,
1764|removed call to org/apache/commons/lang3/builder/ToStringStyle::appendDetail,,,,,,,,,,,,,,,,,,,,,,,,,,,,,,,,,,,,,,,,,,KILLED,,,,,,,,,,,,,,,,,,,,,,,,,,,,,,,,,,,,,,,,,,,,,,,,,,,,,,,
1766|removed call to org/apache/commons/lang3/builder/ToStringStyle::appendSummary,NO_COVERAGE,,,,,,,,,,,,,,,,,,,,,,,,,,,,,,,,,,,,,,,,,,,,,,,,,,,,,,,,,,,,,,,,,,,,,,,,,,,,,,,,,,,,,,,,,,,,,,,,
1769|negated conditional,,,,,,,,,,,,,,,,,,,,,,,,,,,,,,,,,,,,,,,,,,,,,,,,,,,,,,KILLED,,,,,,,,,,,,,,,,,,,,,,,,,,,,,,,,,,,,,,,,,,,
1770|negated conditional,,,,,,,,,,,,,,,,,,,,,,,,,,,,,,,,,,,,,,,,,,,,,,,,,,,,,,,,,,,,,,,,,,,,,KILLED,,,,,,,,,,,,,,,,,,,,,,,,,,,,
1771|removed call to org/apache/commons/lang3/builder/ToStringStyle::appendDetail,,,,,,,,,,,,,,,,,,,,,,,,,,,,,,,,,,,,,,,,,,,,,,,,,,,,,,,,,,,,,,,,,,,,,KILLED,,,,,,,,,,,,,,,,,,,,,,,,,,,,
1773|removed call to org/apache/commons/lang3/builder/ToStringStyle::appendSummary,NO_COVERAGE,,,,,,,,,,,,,,,,,,,,,,,,,,,,,,,,,,,,,,,,,,,,,,,,,,,,,,,,,,,,,,,,,,,,,,,,,,,,,,,,,,,,,,,,,,,,,,,,
1776|negated conditional,,,,,,,,,,,,,,,,,,,,,,,,,,,,,,,,,,,,,,,,,,,,,,,,,,,,,,KILLED,,,,,,,,,,,,,,,,,,,,,,,,,,,,,,,,,,,,,,,,,,,
1777|negated conditional,,,,,,,,,,,,,,,,,,,,,,,,,,,,,,,,,,,,,,,,,,,,,,,,,,,,,,,,,,,,,,,KILLED,,,,,,,,,,,,,,,,,,,,,,,,,,,,,,,,,,
1778|removed call to org/apache/commons/lang3/builder/ToStringStyle::appendDetail,,,,,,,,,,,,,,,,,,,,,,,,,,,,,,,,,,,,,,,,,,,,,,,,,,,,,,,,,,,,,,,KILLED,,,,,,,,,,,,,,,,,,,,,,,,,,,,,,,,,,
1780|removed call to org/apache/commons/lang3/builder/ToStringStyle::appendSummary,,,,,,,,,,,,,,,,,,,,,,,,,,,,,,,,,,,,,,,,,,,,,,,,,,,,,,,,,,,,,,,,,,,,,,KILLED,,,,,,,,,,,,,,,,,,,,,,,,,,,
1783|negated conditional,,,,,,,,,,,,,,,,,,,,,,,,,,,,,,,,,,,,,,,,,,,,,,,,,,,,,,KILLED,,,,,,,,,,,,,,,,,,,,,,,,,,,,,,,,,,,,,,,,,,,
1784|removed call to org/apache/commons/lang3/builder/ToStringStyle::appendDetail,,,,,,,,,,,,,,,,,,,,,,,,,,,,,,,,,,,,,,,,,,,,,,,,,,,,,,KILLED,,,,,,,,,,,,,,,,,,,,,,,,,,,,,,,,,,,,,,,,,,,
1786|removed call to org/apache/commons/lang3/builder/ToStringStyle::appendSummary,,,,,,,,,,,,,,,,,,,,,,,,,,,,,,,,,,,,,,,,,,,,,,,,,,,,,,,,,,,,,,,,,,,,,,,KILLED,,,,,,,,,,,,,,,,,,,,,,,,,,
1789|removed call to org/apache/commons/lang3/builder/ToStringStyle::unregister,,,,,,,,,,,,,,,,,,,,,KILLED,,,,,,,,,,,,,,,,,,,,,,,,,,,,,,,,,,,,,,,,,,,,,,,,,,,,,,,,,,,,,,,,,,,,,,,,,,,,
1812|negated conditional,,,,,,,,,,,,,,,,,,,,,,,,,,,,,,,,,,,,,,,,,,,,,,,,,,,,,,,,,,,,,,,,,,,,,,,,KILLED,,,,,,,,,,,,,,,,,,,,,,,,,
1813|removed call to org/apache/commons/lang3/builder/ToStringStyle::appendClassName,,,,,,,,,,,,,,,,,,,,,,,,,,,,,,,,,,,,,,,,,,,,,,,,,,,,,,,,,,,,,,KILLED,,,,,,,,,,,,,,,,,,,,,,,,,,,,,,,,,,,
1814|removed call to org/apache/commons/lang3/builder/ToStringStyle::appendIdentityHashCode,,,,,,,,,,,,,,,,,,,,,,,,,,,,,,,,,,,,,,,,,,,,,,,,,,,,,,,,,,,,,,KILLED,,,,,,,,,,,,,,,,,,,,,,,,,,,,,,,,,,,
1815|removed call to org/apache/commons/lang3/builder/ToStringStyle::appendContentStart,,,,,,,,,,,,,,,,,,,,,,,,,,,,,,,,,,,,,,,,,,,,,,,,,,,,,,,,,,,,,,,,KILLED,,,,,,,,,,,,,,,,,,,,,,,,,,,,,,,,,
1816|negated conditional,,,,,,,,,,,,,,,,,,,,,,,,,,,,,,,,,,,,,,,,,,,,,,,,KILLED,,,,,,,,,,,,,,,,,,,,,,,,,,,,,,,,,,,,,,,,,,,,,,,,,
1817|removed call to org/apache/commons/lang3/builder/ToStringStyle::appendFieldSeparator,,,,,,,,,,,,,,,,,,,,,,,,,,,,,,,,,,,,,,,,,,,,,,,,,,,,,,,,,,,,,,,,,,,,,,,,,KILLED,,,,,,,,,,,,,,,,,,,,,,,,
1832|removed call to org/apache/commons/lang3/builder/ToStringStyle::appendSummarySize,,,,,,,,,,,,,,,,,,,,,,,,,,,KILLED,,,,,,,,,,,,,,,,,,,,,,,,,,,,,,,,,,,,,,,,,,,,,,,,,,,,,,,,,,,,,,,,,,,,,,
1845|removed call to org/apache/commons/lang3/builder/ToStringStyle::appendSummarySize,,,,,,,,,,,,,,,,,,,,,,,,,,,,,,,KILLED,,,,,,,,,,,,,,,,,,,,,,,,,,,,,,,,,,,,,,,,,,,,,,,,,,,,,,,,,,,,,,,,,,
1858|removed call to org/apache/commons/lang3/builder/ToStringStyle::appendSummarySize,,,,,,,,,,,,,,,,,,,,,,,,,,,,,,,,,,,KILLED,,,,,,,,,,,,,,,,,,,,,,,,,,,,,,,,,,,,,,,,,,,,,,,,,,,,,,,,,,,,,,
1871|removed call to org/apache/commons/lang3/builder/ToStringStyle::appendSummarySize,,,,,,,,,,,,,,,,,,,,,,,,,,,,,,,,,,,,,,,KILLED,,,,,,,,,,,,,,,,,,,,,,,,,,,,,,,,,,,,,,,,,,,,,,,,,,,,,,,,,,
1884|removed call to org/apache/commons/lang3/builder/ToStringStyle::appendSummarySize,,,,,,,,,,,,,,,,,,,,,,,,,,,,,,,,,,,,,,,,,,,KILLED,,,,,,,,,,,,,,,,,,,,,,,,,,,,,,,,,,,,,,,,,,,,,,,,,,,,,,
1897|removed call to org/apache/commons/lang3/builder/ToStringStyle::appendSummarySize,,,,,,,,,,,,,,,,,,,,,,,,,,,,,,,,,,,,,,,,,,,,,,,KILLED,,,,,,,,,,,,,,,,,,,,,,,,,,,,,,,,,,,,,,,,,,,,,,,,,,
1910|removed call to org/apache/commons/lang3/builder/ToStringStyle::appendSummarySize,,,,,,,,,,,,,,,,,,,,,,,,,,,,,,,,,,,,,,,,,,,,,,,,,,,,KILLED,,,,,,,,,,,,,,,,,,,,,,,,,,,,,,,,,,,,,,,,,,,,,
1938|removed call to org/apache/commons/lang3/builder/ToStringStyle::appendSummarySize,,,,,,,,,,,,,,,,,,,,,,,,,,,,,,,,,,,,,,,,,,,,,,,,,,,,,,,,,,,,,,,,,,,,,,KILLED,,,,,,,,,,,,,,,,,,,,,,,,,,,
1951|removed call to org/apache/commons/lang3/builder/ToStringStyle::appendSummarySize,,,,,,,,,,,,,,,,,,,,,,,,,,,,,,,,,,,,,,,,,,,,,,,,,,,,,,,,,,,,,KILLED,,,,,,,,,,,,,,,,,,,,,,,,,,,,,,,,,,,,
1986|removed call to org/apache/commons/lang3/builder/ToStringStyle::appendToString,,,,,,,,,,,,,,,,,,,,,,,,,,,,,,,,,,,,,,,,,,,,,,,,,,,,,,,,,,,,,,,,,,,,,,,,,,KILLED,,,,,,,,,,,,,,,,,,,,,,,
2000|negated conditional,,,,,,,,,,,,,,,,,,,,,,,,,,,,,,,,,,,,,,,,,,,,,,,,,,,,,,,,,,,,,,,,,,,,,,,,,,KILLED,,,,,,,,,,,,,,,,,,,,,,,
2001|Replaced integer addition with subtraction,,,,,,,,,,,,,,,,,,,,,,,,,,,,,,,,,,,,,,,,,,,,,,,,,,,,,,,,,,,,,,,,,,,,,,,,,,,KILLED,,,,,,,,,,,,,,,,,,,,,,
2003|changed conditional boundary,,,,,,,,,,,,,,,,,,,,,,,,,,,,,,,,,,,,,,,,,,,,,,,,,,,,,,,,,,,,,,,,,,,,,,,,,,KILLED,,,,,,,,,,,,,,,,,,,,,,,
2004|negated conditional,,,,,,,,,,,,,,,,,,,,,,,,,,,,,,,,,,,,,,,,,,,,,,,,,,,,,,,,,,,,,,,,,,,,,,,,,,,,KILLED,,,,,,,,,,,,,,,,,,,,,
2005|removed call to org/apache/commons/lang3/builder/ToStringStyle::removeLastFieldSeparator,,,,,,,,,,,,,,,,,,,,,,,,,,,,,,,,,,,,,,,,,,,,,,,,,,,,,,,,,,,,,,,,,,,,,,,,,,,,KILLED,,,,,,,,,,,,,,,,,,,,,
2008|removed call to org/apache/commons/lang3/builder/ToStringStyle::appendFieldSeparator,,,,,,,,,,,,,,,,,,,,,,,,,,,,,,,,,,,,,,,,,,,,,,,,,,,,,,,,,,,,,,,,,,,,,,,,,,KILLED,,,,,,,,,,,,,,,,,,,,,,,
"2019|replaced return value with """" for org/apache/commons/lang3/builder/ToStringStyle::getArrayEnd",,,,,,,,,,,,,KILLED,,,,,,,,,,,,,,,,,,,,,,,,,,,,,,,,,,,,,,,,,,,,,,,,,,,,,,,,,,,,,,,,,,,,,,,,,,,,,,,,,,,,
"2028|replaced return value with """" for org/apache/commons/lang3/builder/ToStringStyle::getArraySeparator",,,,,,,,,,,,,,,,,,,,,,,,,,,,,,,,,,,,,,,,,,,,,,,,,,,,,,,,,,,,,,,,,,,,,,,,,,,,,,,,,,,,,,,,,,,,,,,,,
"2037|replaced return value with """" for org/apache/commons/lang3/builder/ToStringStyle::getArrayStart",,,,,,,,,,,,,KILLED,,,,,,,,,,,,,,,,,,,,,,,,,,,,,,,,,,,,,,,,,,,,,,,,,,,,,,,,,,,,,,,,,,,,,,,,,,,,,,,,,,,,
"2046|replaced return value with """" for org/apache/commons/lang3/builder/ToStringStyle::getContentEnd",,,,,,,,,,,,,,,,,,,,,,,,,,,,,,,,,,,,,,,,,,,,,,,,,,,,,,,,,,,,,,,,,,,,,,,,,,,,,KILLED,,,,,,,,,,,,,,,,,,,,
"2055|replaced return value with """" for org/apache/commons/lang3/builder/ToStringStyle::getContentStart",,,,,,,,,,,,,,,,,,,,,,,,,,,,,,,,,,,,,,,,,,,,,,,,,,,,,,,,,,,,,,,,,,,,,,,,,,,,,KILLED,,,,,,,,,,,,,,,,,,,,
"2064|replaced return value with """" for org/apache/commons/lang3/builder/ToStringStyle::getFieldNameValueSeparator",,,,,,,,,,,,,,,,,,,,,,,,,,,,,,,,,,,,,,,,,,,,,,,,,,,,,,,,,,,,,,,,,,,,,,,,,,,,,KILLED,,,,,,,,,,,,,,,,,,,,
"2073|replaced return value with """" for org/apache/commons/lang3/builder/ToStringStyle::getFieldSeparator",,,,,,,,,,,,,,,,,,,,,,,,,,,,,,,,,,,,,,,,,,,,,,,,,,,,,,,,,,,,,,,,,,,,,,,,,,,,,KILLED,,,,,,,,,,,,,,,,,,,,
"2082|replaced return value with """" for org/apache/commons/lang3/builder/ToStringStyle::getNullText",,,,,,,,,,,,,,,,,,,,,,,,,,,,,,,,,,,,,,,,,,,,,,,,,,,,,,,,,,,,,,,,,,,,,,,,,,,,,,KILLED,,,,,,,,,,,,,,,,,,,
"2095|replaced return value with """" for org/apache/commons/lang3/builder/ToStringStyle::getShortClassName",,,,,,,,,,,,,,,,,,,,,,,,,,,,,,,,,,,,,,,,,,,,,,,,,,,,,,,,,,,,,,,,,,,,,,,,,,,,,,,KILLED,,,,,,,,,,,,,,,,,,
"2107|replaced return value with """" for org/apache/commons/lang3/builder/ToStringStyle::getSizeEndText",,,,,,,,,,,,,,,,,,,,,,,,,,,,,,,,,,,,,,,,,,,,,,,,,,,,,,,,,,,,,,,,,,,,,,,,,,,,,KILLED,,,,,,,,,,,,,,,,,,,,
"2119|replaced return value with """" for org/apache/commons/lang3/builder/ToStringStyle::getSizeStartText",,,,,,,,,,,,,,,,,,,,,,,,,,,,,,,,,,,,,,,,,,,,,,,,,,,,,,,,,,,,,,,,,,,,,,,,,,,,,KILLED,,,,,,,,,,,,,,,,,,,,
"2131|replaced return value with """" for org/apache/commons/lang3/builder/ToStringStyle::getSummaryObjectEndText",,,,,,,,,,,,,,,,,,,,,,,,,,,,,,,,,,,,,,,,,,,,,,,,,,,,,,,,,,,,,,,,,,,,,,,,,,,,,KILLED,,,,,,,,,,,,,,,,,,,,
"2143|replaced return value with """" for org/apache/commons/lang3/builder/ToStringStyle::getSummaryObjectStartText",,,,,,,,,,,,,,,,,,,,,,,,,,,,,,,,,,,,,,,,,,,,,,,,,,,,,,,,,,,,,,,,,,,,,,,,,,,,,KILLED,,,,,,,,,,,,,,,,,,,,
2152|replaced boolean return with true for org/apache/commons/lang3/builder/ToStringStyle::isArrayContentDetail,,,,,,,,,,,,,,,,,,,,,,,,,,,,,,,,,,,,,,,,,,,,,,,,,,,,,,,,,,,,,,,,,,,,,,,,,,,,,,,,,,,,,,,,,,,,,,,,,
2162|replaced boolean return with true for org/apache/commons/lang3/builder/ToStringStyle::isDefaultFullDetail,,,,,,,,,,,,,,,,,,,,,,,,,,,,,,,,,,,,,,,,,,,,,,,,,,,,,,,,,,,,,,,,,,,,,,,,,,,,,,,,,,,,,,,,,,,,,,,,,
2173|replaced boolean return with false for org/apache/commons/lang3/builder/ToStringStyle::isFieldSeparatorAtEnd,,,,,,,,,,,,,,,,,,,,,,,,,,,,,,,,,,,,,,,,,,,,,,,,,,,,,,,,,,,,,,,,,,,,,,,,,,,,,,,,,,,,,,,,,,,,,,,,,
2184|replaced boolean return with true for org/apache/commons/lang3/builder/ToStringStyle::isFieldSeparatorAtStart,,,,,,,,,,,,,,,,,,,,,,,,,,,,,,,,,,,,,,,,,,,,,,,,,,,,,,,,,,,,,,,,,,,,,,,,,,,,,,,,KILLED,,,,,,,,,,,,,,,,,
2202|negated conditional,,,,,,,,,,,,,,,,,,,,,KILLED,,,,,,,,,,,,,,,,,,,,,,,,,,,,,,,,,,,,,,,,,,,,,,,,,,,,,,,,,,,,,,,,,,,,,,,,,,,,
2203|replaced boolean return with false for org/apache/commons/lang3/builder/ToStringStyle::isFullDetail,,,,,,,,,,,,,,,,,,,,,,,,,,,,,,,,,,,,,,,,,,,,,,,,,,,,,,KILLED,,,,,,,,,,,,,,,,,,,,,,,,,,,,,,,,,,,,,,,,,,,
2205|replaced boolean return with false for org/apache/commons/lang3/builder/ToStringStyle::isFullDetail,,,,,,,,,,,,,,,,,,,,,KILLED,,,,,,,,,,,,,,,,,,,,,,,,,,,,,,,,,,,,,,,,,,,,,,,,,,,,,,,,,,,,,,,,,,,,,,,,,,,,
2217|replaced boolean return with true for org/apache/commons/lang3/builder/ToStringStyle::isUseClassName,,,,,,,,,,,,,,,,,,,,,,,,,,,,,,,,,,,,,,,,,,,,,,,,,,,,,,,,,,,,,,,,,,,,,,,,,,,,,,,,,,,,,,,,,,,,,,,,,
2226|replaced boolean return with false for org/apache/commons/lang3/builder/ToStringStyle::isUseFieldNames,,,,,,,,,,,,,,,,,,,,,,,,,,,,,,,,,,,,,,,,,,,,,,,,,,,,,,,,,,,,,,,,,,,,,,,,,,,,,,,,,KILLED,,,,,,,,,,,,,,,,
2235|replaced boolean return with true for org/apache/commons/lang3/builder/ToStringStyle::isUseIdentityHashCode,,,,,,,,,,,,,,,,,,,,,,,,,,,,,,,,,,,,,,,,,,,,,,,,,,,,,,,,,,,,,,,,,,,,,,,,,,,,,,,,,,KILLED,,,,,,,,,,,,,,,
2245|replaced boolean return with true for org/apache/commons/lang3/builder/ToStringStyle::isUseShortClassName,,,,,,,,,,,,,,,,,,,,,,,,,,,,,,,,,,,,,,,,,,,,,,,,,,,,,,,,,,,,,,,,,,,,,,,,,,,,,,,,,,,KILLED,,,,,,,,,,,,,,
2260|changed conditional boundary,,,,,,,,,,,,,,,,,,,,,,,,,,,,,,,,,,,,,,,,,,,,,,,,,,,,,,,,,,,,,,,,,,,,,,,,,,,,,,,,,,,,KILLED,,,,,,,,,,,,,
2261|removed call to org/apache/commons/lang3/builder/ToStringStyle::appendDetail,,,,,,,,,,,,,,,,,,,,,,,,,,,,,,,,,,,,,,,,,,,,,,,,,,,,,,,,,,,,,,,,,,,,,,,,,,,,,,,,,,,,KILLED,,,,,,,,,,,,,
2273|negated conditional,,,,,,,,,,,,,,,,,,,,,,,,,,,,,,,,,,,,,,,,,,,,,,,,,,,,,,,,,,,,,,,,,,,,,,,,,,,,,,,,,,,,,KILLED,,,,,,,,,,,,
2274|Replaced integer subtraction with addition,,,,,,,,,,,,,,,,,,,,,,,,,,,,,,,,,,,,,,,,,,,,,,,,KILLED,,,,,,,,,,,,,,,,,,,,,,,,,,,,,,,,,,,,,,,,,,,,,,,,,
2296|negated conditional,,,,,,,,,,,,,,,,,,,,,,,,,,,,,,,,,,,,,,,,,,,,,,,,,,,,,,,,,,,,,,,,,,,,,,,,,,,,,,,,,,,,,,KILLED,,,,,,,,,,,
2311|negated conditional,,,,,,,,,,,,,,,,,,,,,,,,,,,,,,,,,,,,,,,,,,,,,,,,,,,,,,,,,,,,,,,,,,,,,,,,,,,,,,,,,,,,,,,KILLED,,,,,,,,,,
2326|negated conditional,,,,,,,,,,,,,,,,,,,,,,,,,,,,,,,,,,,,,,,,,,,,,,,,,,,,,,,,,,,,,,,,,,,,,,,,,,,,,,,,,,,,,,,,KILLED,,,,,,,,,
2341|negated conditional,,,,,,,,,,,,,,,,,,,,,,,,,,,,,,,,,,,,,,,,,,,,,,,,,,,,,,,,,,,,,,,,,,,,,,,,,,,,,,,,,,,,,,,,,KILLED,,,,,,,,
2356|negated conditional,,,,,,,,,,,,,,,,,,,,,,,,,,,,,,,,,,,,,,,,,,,,,,,,,,,,,,,,,,,,,,,,,,,,,,,,,,,,,,,,,,,,,,,,,,KILLED,,,,,,,
2381|negated conditional,,,,,,,,,,,,,,,,,,,,,,,,,,,,,,,,,,,,,,,,,,,,,,,,,,,,,,,,,,,,,,,,,,,,,,,,,,,,,,,,,,,,,,,,,,,KILLED,,,,,,
2396|negated conditional,,,,,,,,,,,,,,,,,,,,,,,,,,,,,,,,,,,,,,,,,,,,,,,,,,,,,,,,,,,,,,,,,,,,,,,,,,,,,,,,,,,,,,,,,,,,KILLED,,,,,
2433|negated conditional,,,,,,,,,,,,,,,,,,,,,,,,,,,,,,,,,,,,,,,,,,,,,,,,,,,,,,,,,,,,,,,,,,,,,,,,,,,,,,,,,,,,,,,,,,,,,KILLED,,,,
2451|negated conditional,,,,,,,,,,,,,,,,,,,,,,,,,,,,,,,,,,,,,,,,,,,,,,,,,,,,,,,,,,,,,,,,,,,,,,,,,,,,,,,,,,,,,,,,,,,,,,KILLED,,,
2469|negated conditional,,,,,,,,,,,,,,,,,,,,,,,,,,,,,,,,,,,,,,,,,,,,,,,,,,,,,,,,,,,,,,,,,,,,,,,,,,,,,,,,,,,,,,,,,,,,,,,KILLED,,
2487|negated conditional,,,,,,,,,,,,,,,,,,,,,,,,,,,,,,,,,,,,,,,,,,,,,,,,,,,,,,,,,,,,,,,,,,,,,,,,,,,,,,,,,,,,,,,,,,,,,,,,KILLED,
2505|negated conditional,,,,,,,,,,,,,,,,,,,,,,,,,,,,,,,,,,,,,,,,,,,,,,,,,,,,,,,,,,,,,,,,,,,,,,,,,,,,,,,,,,,,,,,,,,,,,,,,,KILLED
